SEQ,TREE_ID,OPERATION,TARGET_PSTLADR_PARENT,BRANCH,NEW_OR_MODIFIED_NODE,NODE_TYPE,MP_SC_TAB,MP_SC_FLD,MP_OFFSET,LENGTH,CV_RULE,MP_EXIT_FUNC,DMEE_TREE_COND_NEEDED,RATIONALE,EVIDENCE_ANCHOR
0a,(all 4 trees),PRECONDITION-RETROFIT,N/A,N/A,N/A,N/A,N/A,N/A,N/A,N/A,N/A,N/A,N/A,Step 0 PRECONDITION before any matrix row applies: D01-RETROFIT-01 transport must complete (a) CGI_1 V000 12-delta surgical fix (purge SCB N_6366307580 + restore 8 ONLY_P01 AdrLine nodes + revert N_0711160730 Nm Z-field source if Marlies confirms) (b) 5 P01-only ABAP retrofit (DE+IT classes + 3 ENHO + FR.CM002 method) (c) PURGE dormant D01 V001 on all 4 trees (existing byte-identical clone of V000 from past Create-Version event - claim 109).,claim 109 + claim 111 + dmee_retrofit_procedure.md
0b,(all 4 trees),PRECONDITION-CREATE-V001,N/A,N/A,N/A,N/A,N/A,N/A,N/A,N/A,N/A,N/A,N/A,Step 0 PRECONDITION (after retrofit): DMEE Tx -> Create Version on each of 4 in-scope trees from aligned V000 -> fresh V001 byte-clone of V000 (Active Version remains V000; V001 dormant). Verification: RFC_READ_TABLE DMEE_TREE_NODE returns identical NODE_ID set for V000 and V001 per tree.,claim 102 + dmee_versioning_procedure.md Step A
1,/SEPA_CT_UNES,ADD,N_4754354180,Cdtr,StrtNm,ELEM,FPAYP,REF01,0,60,CLURP    X,(none),empty-suppress FPAYP-REF01 NE SPACE,CORRECTED 2026-05-07: FPAYHX→FPAYP (Cdtr is per-line) + CV_RULE CL RP→CLURP X (10-char positional with U for case-normalization match SEPA Cdtr Z-fields existing pattern) + Exit dropped (CGI N_8824498030 proven uses no exit). CM005 line 109 writes Cdtr to FPAYP-REF01. D01 V001 NODE_ID: N_3513093480 RFC-verified 2026-05-07.,CGI N_8824498030 + CM005 line 109 + D01 RFC verify 2026-05-07
2,/SEPA_CT_UNES,ADD,N_4754354180,Cdtr,BldgNb,ELEM,FPAYP,REF01,100,10,CLURP    X,(none),empty-suppress FPAYP-REF01 NE SPACE,CORRECTED 2026-05-07: FPAYHX→FPAYP + offset 60→100 (HOUSE_NUM slot CM005 line 97 NOT BUILDING which is empty for vendors) + length 20→10. Mirror CGI N_8824498030. D01 V001 NODE_ID: N_4704385380 RFC-verified.,CGI N_8824498030 + CM005 line 97 + D01 RFC verify 2026-05-07
3,/SEPA_CT_UNES,ADD,N_4754354180,Cdtr,PstCd,ELEM,FPAYP,REF01,80,10,CLURP    X,(none),empty-suppress FPAYP-REF01 NE SPACE,CORRECTED 2026-05-07: FPAYHX→FPAYP + CV_RULE CL→CLURP X. POST_CODE1 slot CM005 line 95. Mirror CGI N_8824498030. D01 V001 NODE_ID: N_9840226220 RFC-verified.,CGI N_8824498030 + CM005 line 95 + D01 RFC verify 2026-05-07
4,/SEPA_CT_UNES,ADD,N_4754354180,Cdtr,TwnNm,ELEM,FPAYP,BORT1,0,35,CLURP    X,(none),empty-suppress FPAYP-BORT1 NE SPACE,CORRECTED 2026-05-07: FPAYHX/REF06→FPAYP/BORT1 + length 40→35 (XSD maxLen cap). FPAYP-BORT1 is vendor city SAP-std (CM005 doesn't write Cdtr city to FPAYP-REF06; Cdtr city comes from BORT1 directly). Mirror CGI N_8824498030. D01 V001 NODE_ID: N_7064046520 RFC-verified.,CGI N_8824498030 BORT1 source + D01 RFC verify 2026-05-07
5,/SEPA_CT_UNES,ADD,N_9926185740,Dbtr,StrtNm,ELEM,(none),(none),,,CL RP    X,FI_CGI_DMEE_EXIT_W_BADI,no condition (BAdI returns SPACE -> CV_RULE 'X' suppresses leaf),"REVISION #3 2026-05-08 (session #71): Bind Dbtr StrtNm via EXIT_FUNC=FI_CGI_DMEE_EXIT_W_BADI (no Source). Why: Production P01 V000 SEPA tree has NO paying-co STREET source on FPAYHX (verified by extraction knowledge/domains/Payment/phase0/dmee_full/dmee_tree_node_p01.csv). FPAYHX-Z* fields (ZPFST/ZPLOR/ZLISO) are VENDOR-context (Cdtr/PstlAdr in P01 V000, parent N_4754354180). UNESCO's canonical pattern for paying-co structured-address is the BAdI Pattern A (FI_CGI_DMEE_EXIT_W_BADI calling YCL_IDFI_CGI_DMEE_FALLBACK_CM001 GET_CREDIT). CGI tree P01 has 5 Dbtr leaves wired this way (StrtNm at lines 808/895/1008, BldgNb 1018, PstCd 829/878, TwnNm 809/893). Method extension required: add WHEN '<PmtInf><Dbtr><PstlAdr><StrtNm>' to YCL_IDFI_CGI_DMEE_FALLBACK_CM001 GET_CREDIT, read T001(i_fpayh-zbukr).ADRNR -> ADRC.STREET + ' ' + HOUSE_NUM1. D01 V001 NODE_ID: N_1215903670.","Production V000 P01 SEPA tree (no paying-co STREET in FPAYHX) + CGI Dbtr BAdI pattern lines 808,1018,829 + YCL_IDFI_CGI_DMEE_FALLBACK_CM001.abap GET_CREDIT method dispatcher"
6,/SEPA_CT_UNES,DELETE,N_9926185740,Dbtr,BldgNb,ELEM,FPAYHX,(deleted),,,,(none),N/A (node deleted),REVISED 2026-05-08 (session #71): DELETE Dbtr BldgNb leaf in V001. Why: SAP-std SEPA_CT does NOT ship a structured BldgNb for Dbtr (0 occurrences in Note XML). FR convention puts house number inside StrtNm string ('Place de Fontenoy 7' or '7 Place de Fontenoy'). ZPFST(35) carries the entire street+house. SocGen accepts merged StrtNm without separate BldgNb. D01 V001 NODE_ID: N_1396453300 needs DELETE in DMEE Tx (Utilities -> remove leaf).,SAP-std SEPA_CT_260916.XML BldgNb count=0 + ISO XSD pain.001.001.03 BldgNb optional
7,/SEPA_CT_UNES,ADD,N_9926185740,Dbtr,PstCd,ELEM,(none),(none),,,CL RP    X,FI_CGI_DMEE_EXIT_W_BADI,no condition (BAdI returns SPACE -> CV_RULE 'X' suppresses leaf),"REVISION #3 2026-05-08 (session #71): Bind Dbtr PstCd via EXIT_FUNC=FI_CGI_DMEE_EXIT_W_BADI (no Source). Why: Same as StrtNm row 5 - no paying-co POSTCODE source in FPAYHX. Add WHEN '<PmtInf><Dbtr><PstlAdr><PstCd>' to YCL_IDFI_CGI_DMEE_FALLBACK_CM001 GET_CREDIT, read ADRC.POST_CODE1 via T001-ADRNR. Mirror CGI Dbtr PstCd N_8311560080 pattern (line 878 P01 - has FPAYH/ZPSTL fallback that BAdI may overlay). D01 V001 NODE_ID: N_2703639030.",Production V000 P01 + CGI Dbtr PstCd N_8311560080 line 878 + YCL_IDFI_CGI_DMEE_FALLBACK_CM001
8,/SEPA_CT_UNES,ADD,N_9926185740,Dbtr,TwnNm,ELEM,FPAYHX,ORT1Z,0,35,CL RP    X,(none),empty-suppress FPAYHX-ORT1Z <> SPACE,"REVISION #3 2026-05-08 (session #71): Rebind TwnNm Source -> FPAYHX/ORT1Z[0..35]. Why: Production P01 V000 SEPA tree ALREADY uses FPAYHX-ORT1Z at Dbtr/PstlAdr/AdrLine (line 49 of dmee_tree_node_p01.csv, parent N_9926185740 = Dbtr/PstlAdr). FPAYHX-ORT1Z C(40) 'City' is paying-co context. Cap to 35 chars per ISO XSD pain.001.001.03 TwnNm maxLen=35. Config-only, NO BAdI, NO ABAP - SAP-std paying-co city field already populated by SAPFPAYM. D01 V001 NODE_ID: N_7609981350.",Production V000 P01 SEPA Dbtr/AdrLine ORT1Z line 49 dmee_tree_node_p01.csv
9,/SEPA_CT_UNES,OBSOLETE,(tx OBPM3),N/A,(N/A),N/A,N/A,N/A,N/A,N/A,N/A,N/A,N/A,"SUPERSEDED 2026-05-08 (session #71): OBPM3 CM005 register NO LONGER REQUIRED. Why: SEPA Dbtr leaves no longer route through CM005/REF01 byte buffer. FPAYHX-ZPFST/ZPLOR/ZLISO (UNESCO Z-extensions on FPAYHX) are populated by SAPFPAYM directly at runtime, no Event 05 FM call needed. CM005/OBPM3 register remains relevant ONLY for CGI tree (matrix row 26 BAdI Pattern A) and CITI tree if those use REF01 byte buffer. SEPA: CONFIG ONLY (5 leaf rebinds, 0 OBPM3 changes, 0 ABAP).","SAP-std SEPA_CT_260916.XML uses Z-ext FPAYHX bindings, not REF01/CM005"
10,/CITI/XML/UNESCO/DC_V3_01,ADD,N_1531351640,Dbtr,StrtNm,ELEM,FPAYHX,REF01,0,60,CL RP,(none),(none — XSLT auto-removes empty),CITI Dbtr-1 already has PstCd+TwnNm+Ctry+AdrLine. Adding StrtNm sourced from REF01 head (claim 101).,extracted node + claim 101
11,/CITI/XML/UNESCO/DC_V3_01,ADD,N_1531351640,Dbtr,BldgNb,ELEM,FPAYHX,REF01,60,20,CL RP,(none),(none — XSLT),Adding BldgNb at REF01[60..80] per GENERIC byte layout.,claim 101
12,/CITI/XML/UNESCO/DC_V3_01,ADD,N_4078824850,Dbtr (alt path),StrtNm,ELEM,FPAYHX,REF01,0,60,CL RP,(none),(none — XSLT),CITI Dbtr-2 (alt-mode PstlAdrMor) currently only has 3 AdrLine. Add full 5 structured nodes.,extracted node
13,/CITI/XML/UNESCO/DC_V3_01,ADD,N_4078824850,Dbtr (alt path),BldgNb,ELEM,FPAYHX,REF01,60,20,CL RP,(none),(none — XSLT),Same as row 11 for alt path.,claim 101
14,/CITI/XML/UNESCO/DC_V3_01,ADD,N_4078824850,Dbtr (alt path),PstCd,ELEM,FPAYHX,REF01,80,10,CL,(none),(none — XSLT),Same byte layout.,claim 101
15,/CITI/XML/UNESCO/DC_V3_01,ADD,N_4078824850,Dbtr (alt path),TwnNm,ELEM,FPAYHX,REF06,0,40,CL,(none),(none — XSLT),City byte range.,claim 101
16,/CITI/XML/UNESCO/DC_V3_01,ADD,N_4078824850,Dbtr (alt path),Ctry,ELEM,FPAYHX,LAND1,0,2,(none),(none),(none — XSLT),Already used in Dbtr-1.,extracted node
17,/CITI/XML/UNESCO/DC_V3_01,MODIFY,N_4600960730,UltmtCdtr,StrtNm (existing empty),ELEM,FPAYH,ZSTRA,0,70,CLURP,(none),(none — XSLT),Q3 RESOLVED Session #62: existing UltmtCdtr/StrtNm node has no source today. Set MP_SC_TAB=FPAYH MP_SC_FLD=ZSTRA (the same field already used for AdrLine1). 99.7% BRL Worldlink coverage.,claim 99 TIER_1
18,/CITI/XML/UNESCO/DC_V3_01,ADD,N_4600960730,UltmtCdtr,BldgNb,ELEM,FPAYH,ZSTRA,60,15,CLURP,(none),(none — XSLT),IN scope under V001 Fully-Structured commitment (claim 105). 31.2% of vendors have HOUSE_NUM1 (Phase 0 Finding A); for the remaining 68.8% the empty leaf is auto-removed by CITI XSLT post-processor (claim 101). No DQ-driven defer.,claim 105 + claim 101
19,/CITI/XML/UNESCO/DC_V3_01,ADD,N_5135503450,CdtrAgt,PstCd,ELEM,FPAYH,ZBPST,0,16,CL RP,(none),(none — XSLT),CITI CdtrAgt has StrtNm+TwnNm+Ctry+CtrySubDvsn but missing PstCd. Mirror existing CdtrAgt pattern (TAB=FPAYH FLD=ZB*).,extracted CITI CdtrAgt nodes
20,/CITI/XML/UNESCO/DC_V3_01,ADD,N_5135503450,CdtrAgt,BldgNb,ELEM,FPAYH,ZBSTR,60,15,CL RP,(none),(none — XSLT),IN scope under V001 Fully-Structured commitment (claim 105). T012K + BNKA bank-master fields populate FPAYH-ZBSTR; XSLT auto-removes empty if specific bank lacks building data.,claim 105 + extracted CITI CdtrAgt nodes
21,/CGI_XML_CT_UNESCO,ADD,N_0693479130,CdtrAgt,StrtNm,ELEM,FPAYH,ZBSTR,0,70,CL RP,(none),use existing TECH switch,Plan §Per-tree design L550 (CGI CdtrAgt fix). Mirror CITI CdtrAgt source pattern.,plan L550 + CITI precedent
22,/CGI_XML_CT_UNESCO,ADD,N_0693479130,CdtrAgt,BldgNb,ELEM,FPAYH,ZBSTR,60,15,CL RP,(none),existing TECH switch + empty-suppress cond,IN scope under V001 Fully-Structured commitment (claim 105). Empty-suppress condition handles banks lacking building data (no XSLT for CGI tree).,claim 105 + plan L550
23,/CGI_XML_CT_UNESCO,ADD,N_0693479130,CdtrAgt,PstCd,ELEM,FPAYH,ZBPST,0,16,CL,(none),use existing TECH switch,From T012K bank postal code.,plan L550 + T012K
24,/CGI_XML_CT_UNESCO,ADD,N_0693479130,CdtrAgt,TwnNm,ELEM,FPAYH,ZBORT,0,35,CL,(none),use existing TECH switch,From BNKA bank city.,plan L550 + BNKA
25,/CGI_XML_CT_UNESCO_1,SYNC,N_0693479130,CdtrAgt (parent SYNC),(see CGI parent),N/A,N/A,N/A,N/A,N/A,N/A,N/A,N/A,FIRSTNODE_ID identical to CGI parent — CdtrAgt fix propagates automatically. Verify after DMEE Tx Save on parent.,Phase 0 Finding D
26,(BAdI),MODIFY,YCL_IDFI_CGI_DMEE_FALLBACK_CM001::GET_CREDIT,N/A,Pattern A guard,N/A,N/A,N/A,N/A,N/A,N/A,N/A,N/A,Add 3-line guard: prepend overflow only if c_value IS INITIAL. Backward-compatible. Reviewer N_MENARD. Transport D01K-BADI-FIX-01.,claim 96 SocGen-mandated
27,(LFA1+ADRC),DATA_FIX,5 LIFNRs,N/A,Vendor master cleanup,N/A,N/A,N/A,N/A,N/A,N/A,N/A,N/A,Manual fix CITY1+COUNTRY for 5 vendors (0000020171/20731/20815/20843/59828) OR set LOEVM='X'. Master Data team owns.,Phase 0 Finding A vendor_dq_5_specific.csv
