TREE_TYPE,TREE_ID,NODE_ID,PARENT_ID,TECH_NAME,NODE_TYPE,MP_SC_TAB,MP_SC_FLD,MP_SC_OFFSET,LENGTH,CV_RULE,MP_EXIT_FUNC,VERSION,BROTHER_ID,FIRSTCHILD_ID,REF_NAME
PAYM,CGI_XML_CT_V9,N_0003661540,N_3077368890,Strd_Ref_CZ3,TECH,,,000,0000,,FI_CGI_DMEE_EXIT_W_BADI,999,N_6425232200,,STRD_REF_CZ3
PAYM,CGI_XML_CT_V9,N_0003959320,N_5605414550,IBAN,ELEM,,,000,0000,,FI_CGI_DMEE_EXIT_W_BADI,999,N_6466039970,,
PAYM,CGI_XML_CT_V9,N_0018704260,N_5834095640,Prtry,ELEM,,,000,0000,,FI_CGI_DMEE_EXIT_W_BADI,999,,,
PAYM,CGI_XML_CT_V9,N_0037190360,N_4259075460,Cd,ELEM,,,000,0000,,FI_CGI_DMEE_EXIT_W_BADI,999,N_2948106120,,
PAYM,CGI_XML_CT_V9,N_0063778710,N_3043492130,InstrPrty,ELEM,,,000,0000,,FI_CGI_DMEE_EXIT_W_BADI,999,N_2371218210,,
PAYM,CGI_XML_CT_V9,N_0076638040,N_3816618790,BtchBookg,ELEM,FPM_CGI,BATCH_BOOKING,000,0000,,FI_CGI_DMEE_EXIT_W_BADI,999,N_7816488270,,
PAYM,CGI_XML_CT_V9,N_0079165060,N_3259090940,Othr,ELEM,,,000,0000,,,999,,N_7887958710,
PAYM,CGI_XML_CT_V9,N_0080854690,N_7102157750,Othr,ELEM,,,000,0000,,,999,,N_1601503000,
PAYM,CGI_XML_CT_V9,N_0094145060,N_8275352230,Ctry2,TECH,,,000,0000,,FI_CGI_DMEE_EXIT_W_BADI,999,N_6056467140,,RGLRPTGACTRY
PAYM,CGI_XML_CT_V9,N_0116235960,N_9136748270,Id,ELEM,,,000,0000,,FI_CGI_DMEE_EXIT_W_BADI,999,,,
PAYM,CGI_XML_CT_V9,N_0132006970,N_1139283400,IntrmyAgt1Acct,ELEM,,,000,0000,,,999,N_6734201450,N_7390709130,
PAYM,CGI_XML_CT_V9,N_0150122210,N_0691968180,Cd,ELEM,,,000,0000,,FI_CGI_DMEE_EXIT_W_BADI,999,N_3374661640,,
PAYM,CGI_XML_CT_V9,N_0200425770,N_3816618790,UltmtDbtr,ELEM,,,000,0000,,,999,N_5279772970,N_8854630420,
PAYM,CGI_XML_CT_V9,N_0200816950,N_3663990150,Id,ELEM,FPAYHX,UBRCH,000,0000,CL       X,FI_CGI_DMEE_EXIT_W_BADI,999,,,
PAYM,CGI_XML_CT_V9,N_0246121800,N_7475926960,Id,ELEM,,,000,0128,,FI_CGI_DMEE_EXIT_W_BADI,999,,,ID2
PAYM,CGI_XML_CT_V9,N_0287089780,N_1235564610,AdjstmntAmtAndRsn,ELEM,,,000,0000,,,999,N_6481464420,N_1429031250,
PAYM,CGI_XML_CT_V9,N_0293281340,N_1160789980,Dept,ELEM,,,000,0000,CL       X,FI_CGI_DMEE_EXIT_W_BADI,999,N_8127716780,,
PAYM,CGI_XML_CT_V9,N_0294810570,N_9874109890,Version,TECH,,,000,0000,,FI_CGI_DMEE_EXIT_W_BADI,999,N_7469163780,,V9
PAYM,CGI_XML_CT_V9,N_0297118830,N_0552596500,-Tp,TECH,,,000,0000,,FI_CGI_DMEE_EXIT_W_BADI,999,N_6394567820,,-TP
PAYM,CGI_XML_CT_V9,N_0300225030,N_6406447170,BICOrBEI,ELEM,,,000,0000,,FI_CGI_DMEE_EXIT_W_BADI,999,N_5444661140,,
PAYM,CGI_XML_CT_V9,N_0302951040,N_4163092720,Cd,ELEM,,,000,0000,,FI_CGI_DMEE_EXIT_W_BADI,999,N_8907800630,,
PAYM,CGI_XML_CT_V9,N_0305533160,N_5887104050,ChanlTp,ELEM,,,000,0004,,FI_CGI_DMEE_EXIT_W_BADI,999,N_2687513880,,CHNLTP1
PAYM,CGI_XML_CT_V9,N_0310946280,N_1602061050,Cd,ELEM,,,000,0000,,FI_CGI_DMEE_EXIT_W_BADI,999,N_6995850210,,
PAYM,CGI_XML_CT_V9,N_0314094650,N_1841606350,StrtNm,ELEM,,,000,0000,,FI_CGI_DMEE_EXIT_W_BADI,999,N_8884202650,,
PAYM,CGI_XML_CT_V9,N_0321814050,N_5166812020,TwnNm,ELEM,,,000,0035,CL       X,FI_CGI_DMEE_EXIT_W_BADI,999,N_8407690210,,
PAYM,CGI_XML_CT_V9,N_0324114080,N_0698467000,Cd,ELEM,,,000,0000,,FI_CGI_DMEE_EXIT_W_BADI,999,,,
PAYM,CGI_XML_CT_V9,N_0330017550,N_1139283400,RgltryRptg,ELEM,,,000,0000,,,999,N_7847061200,N_0510907600,
PAYM,CGI_XML_CT_V9,N_0334948600,N_7407754150,FrmsCd,ELEM,,,000,0000,,FI_CGI_DMEE_EXIT_W_BADI,999,N_2375997480,,
PAYM,CGI_XML_CT_V9,N_0354341350,N_3541914060,MmbId,ELEM,,,000,0000,,FI_CGI_DMEE_EXIT_W_BADI,999,,,
PAYM,CGI_XML_CT_V9,N_0367432920,N_4158666930,Tp,ELEM,,,000,0000,,,999,N_2503021990,N_8603029260,
PAYM,CGI_XML_CT_V9,N_0377008530,N_1139283400,UltmtCdtr,ELEM,,,000,0000,,,999,N_8587711960,N_3051286520,
PAYM,CGI_XML_CT_V9,N_0383286740,N_4360444640,-StrdLv3CZ2,TECH,,,000,0000,,FI_CGI_DMEE_EXIT_W_BADI,999,N_5581150580,,-STRDLV3CZ2
PAYM,CGI_XML_CT_V9,N_0383793140,N_5443906990,-Cd,TECH,,,000,0000,,FI_CGI_DMEE_EXIT_W_BADI,999,N_9662041050,,-PURPCD
PAYM,CGI_XML_CT_V9,N_0457922850,N_3842760480,Othr,ELEM,,,000,0000,,,999,N_6851675060,N_8665652000,
PAYM,CGI_XML_CT_V9,N_0465834030,N_5473031100,Cd,ELEM,,,000,0004,,FI_CGI_DMEE_EXIT_W_BADI,999,N_0471688500,,
PAYM,CGI_XML_CT_V9,N_0470424190,N_5834095640,Cd,ELEM,,,000,0000,,FI_CGI_DMEE_EXIT_W_BADI,999,N_0018704260,,
PAYM,CGI_XML_CT_V9,N_0471688500,N_5473031100,Prtry,ELEM,,,000,0035,,FI_CGI_DMEE_EXIT_W_BADI,999,,,
PAYM,CGI_XML_CT_V9,N_0489973700,N_3346275370,-DlvrTo,TECH,,,000,0000,,FI_CGI_DMEE_EXIT_W_BADI,999,N_5720024450,,-DLVRTO
PAYM,CGI_XML_CT_V9,N_0510907600,N_0330017550,DbtCdtRptgInd2,TECH,,,000,0000,,FI_CGI_DMEE_EXIT_W_BADI,999,N_4592179550,,RGLRPTGDCRI2
PAYM,CGI_XML_CT_V9,N_0514307750,N_8190227710,TaxId,ELEM,,,000,0000,,FI_CGI_DMEE_EXIT_W_BADI,999,N_3425783580,,
PAYM,CGI_XML_CT_V9,N_0547606300,N_3842760480,Othr,ELEM,,,000,0000,,,999,N_3920813800,N_4451446130,
PAYM,CGI_XML_CT_V9,N_0552596500,N_5163414480,CdtrRefInf,ELEM,,,000,0000,,,999,N_6744396870,N_0297118830,
PAYM,CGI_XML_CT_V9,N_0595632050,N_3728484300,Cd,ELEM,,,000,0000,,FI_CGI_DMEE_EXIT_W_BADI,999,,,
PAYM,CGI_XML_CT_V9,N_0604654920,N_4641247600,Prtry,ELEM,,,000,0000,,FI_CGI_DMEE_EXIT_W_BADI,999,N_3880664910,,
PAYM,CGI_XML_CT_V9,N_0612315180,N_4049428870,Id,ELEM,,,000,0000,,FI_CGI_DMEE_EXIT_W_BADI,999,N_9424196450,,
PAYM,CGI_XML_CT_V9,N_0620492590,N_4634017880,PstCd,ELEM,FPAYH,ZPSTL,000,0000,CL RP    X,FI_CGI_DMEE_EXIT_W_BADI,999,N_9772090110,,
PAYM,CGI_XML_CT_V9,N_0627935360,N_7887534710,Ctry,ELEM,,,000,0000,,FI_CGI_DMEE_EXIT_W_BADI,999,N_0677581850,,
PAYM,CGI_XML_CT_V9,N_0630204710,N_7297798890,Othr,ELEM,,,000,0000,CL       X,FI_CGI_DMEE_EXIT_W_BADI,999,,,
PAYM,CGI_XML_CT_V9,N_0631440390,N_5383824460,EndToEndId,ELEM,,,000,0000,CL,,999,,N_6569931480,
PAYM,CGI_XML_CT_V9,N_0633998830,N_7390709130,IBAN,ELEM,,,000,0000,,FI_CGI_DMEE_EXIT_W_BADI,999,N_8755405880,,
PAYM,CGI_XML_CT_V9,N_0653427090,N_1139283400,PmtTpInf,ELEM,,,000,0000,,,999,N_1402050630,N_6296398090,
PAYM,CGI_XML_CT_V9,N_0659954610,N_3816618790,ChrgsAcct,ELEM,,,000,0000,,,999,N_1139283400,N_5605414550,
PAYM,CGI_XML_CT_V9,N_0677581850,N_7887534710,Cd,ELEM,,,000,0000,,FI_CGI_DMEE_EXIT_W_BADI,999,N_1935991060,,
PAYM,CGI_XML_CT_V9,N_0691968180,N_2962395400,SchmeNm,ELEM,,,000,0000,,,999,N_8103051420,N_0150122210,
PAYM,CGI_XML_CT_V9,N_0693479130,N_0978274660,PstlAdr,ELEM,,,000,0000,,,999,,N_1838711760,
PAYM,CGI_XML_CT_V9,N_0698467000,N_5206513830,SchmeNm,ELEM,,,000,0000,,,999,,N_7527530420,
PAYM,CGI_XML_CT_V9,N_0711160730,N_3738885180,Nm,ELEM,,,000,0070,CL       X,FI_CGI_DMEE_EXIT_W_BADI,999,N_1828328130,,
PAYM,CGI_XML_CT_V9,N_0719787650,N_9548754410,Ccy,XMAT,FPAYH,WAERS,000,0000,,FI_CGI_DMEE_EXIT_W_BADI,999,,,
PAYM,CGI_XML_CT_V9,N_0721840620,N_3728484300,Prtry,ELEM,,,000,0000,,FI_CGI_DMEE_EXIT_W_BADI,999,N_0595632050,,
PAYM,CGI_XML_CT_V9,N_0755367040,N_7368517580,-Othr4,TECH,,,000,0000,,FI_CGI_DMEE_EXIT_W_BADI,999,N_6957107710,,OTHR4
PAYM,CGI_XML_CT_V9,N_0808556820,N_6394567820,CdOrPrtry,ELEM,,,000,0000,,,999,N_8293432990,N_6682404030,
PAYM,CGI_XML_CT_V9,N_0812306550,N_3839776710,Othr,ELEM,,,000,0000,,,999,,N_9043331900,
PAYM,CGI_XML_CT_V9,N_0831273940,N_2375997480,FrToDt,ELEM,,,000,0000,,,999,,N_5567336960,
PAYM,CGI_XML_CT_V9,N_0832103570,N_3498213760,Prtry,ELEM,,,000,0035,,FI_CGI_DMEE_EXIT_W_BADI,999,,,
PAYM,CGI_XML_CT_V9,N_0846989380,N_7407754150,CtgyDtls,ELEM,,,000,0035,,FI_CGI_DMEE_EXIT_W_BADI,999,N_3231994500,,
PAYM,CGI_XML_CT_V9,N_0853780990,N_1841606350,SubDept,ELEM,,,000,0000,,FI_CGI_DMEE_EXIT_W_BADI,999,N_0314094650,,
PAYM,CGI_XML_CT_V9,N_0856629490,N_0653427090,LclInstrm,ELEM,,,000,0000,,,999,N_8881495060,N_2021551900,
PAYM,CGI_XML_CT_V9,N_0885541790,N_2371218210,Prtry,ELEM,,,000,0035,,FI_CGI_DMEE_EXIT_W_BADI,999,,,
PAYM,CGI_XML_CT_V9,N_0945185490,N_5064979580,TtlTaxAmt,ELEM,,,000,0000,,FI_CGI_DMEE_EXIT_W_BADI,999,N_1716940280,N_1928377250,
PAYM,CGI_XML_CT_V9,N_0952366330,N_3842760480,-Othr5,TECH,,,000,0000,,FI_CGI_DMEE_EXIT_W_BADI,999,N_5206513830,,-DBTROTHR5
PAYM,CGI_XML_CT_V9,N_0955773720,N_6466039970,Id,ELEM,FPAYHX,DTGBK,000,0000,,,999,,,
PAYM,CGI_XML_CT_V9,N_0978274660,N_8491121660,FinInstnId,ELEM,,,000,0000,,,999,N_7300165790,N_9175963190,
PAYM,CGI_XML_CT_V9,N_1011783010,N_0693479130,AdrLine2,TECH,,,000,0000,CL       X,FI_CGI_DMEE_EXIT_W_BADI,999,N_4008221280,,CAADRLINE2
PAYM,CGI_XML_CT_V9,N_1019985680,N_3346275370,InstrPrty,ELEM,FPAYHX,DTURG,000,0000,,FI_CGI_DMEE_EXIT_W_BADI,999,N_6055967820,,
PAYM,CGI_XML_CT_V9,N_1096300400,N_4664202220,Issr,ELEM,,,000,0000,CL       X,FI_CGI_DMEE_EXIT_W_BADI,999,,,
PAYM,CGI_XML_CT_V9,N_1122656490,N_5064979580,Mtd,ELEM,,,000,0000,,FI_CGI_DMEE_EXIT_W_BADI,999,N_5904602850,,
PAYM,CGI_XML_CT_V9,N_1135474770,N_7368517580,Othr,ELEM,,,000,0000,,FI_CGI_DMEE_EXIT_W_BADI,999,N_9407228540,,
PAYM,CGI_XML_CT_V9,N_1138692080,N_6406447170,Othr,ELEM,,,000,0000,,,999,,N_5115302920,
PAYM,CGI_XML_CT_V9,N_1139283400,N_3816618790,CdtTrfTxInf,ELEM,,,000,0000,,,999,,N_4912042680,TX
PAYM,CGI_XML_CT_V9,N_1160789980,N_6210260290,PstlAdr,ELEM,,,000,0000,,,999,N_2405519130,N_2326418530,
PAYM,CGI_XML_CT_V9,N_1164378990,N_8218320160,schemaLocationExit,ATOM,,,000,0000,,FI_CGI_DMEE_EXIT_W_BADI,999,N_3870371530,,
PAYM,CGI_XML_CT_V9,N_1235564610,N_5163414480,RfrdDocAmt,ELEM,,,000,0000,,,999,N_6054747370,N_4733628880,
PAYM,CGI_XML_CT_V9,N_1257377560,N_0132006970,Nm,ELEM,,,000,0000,,FI_CGI_DMEE_EXIT_W_BADI,999,,,
PAYM,CGI_XML_CT_V9,N_1269645740,N_3829478300,RmtLctnMtd,ELEM,,,000,0004,,FI_CGI_DMEE_EXIT_W_BADI,999,N_8427621730,,
PAYM,CGI_XML_CT_V9,N_1294227340,N_6680752060,FrDt,ELEM,,,000,0000,,FI_CGI_DMEE_EXIT_W_BADI,999,N_2794070060,,
PAYM,CGI_XML_CT_V9,N_1304442540,N_1235564610,-AdjstmntAmtAndRsn,TECH,,,000,0000,,FI_CGI_DMEE_EXIT_W_BADI,999,N_0287089780,,-ADJSTMNTAMT
PAYM,CGI_XML_CT_V9,N_1312690630,N_1139283400,-CdtrAcct,TECH,,,000,0000,,FI_CGI_DMEE_EXIT_W_BADI,999,N_5392001640,,-CDTRACCT
PAYM,CGI_XML_CT_V9,N_1318637130,N_6294588020,Inf2,TECH,,,000,0000,,FI_CGI_DMEE_EXIT_W_BADI,999,N_5597507430,,RGLRPTGINF2
PAYM,CGI_XML_CT_V9,N_1324509990,N_7407754150,Ctgy,ELEM,,,000,0000,,FI_CGI_DMEE_EXIT_W_BADI,999,N_0846989380,,
PAYM,CGI_XML_CT_V9,N_1326271730,N_2851824500,-Othr,TECH,,,000,0000,,FI_CGI_DMEE_EXIT_W_BADI,999,N_9413293970,,-INITGOTHR
PAYM,CGI_XML_CT_V9,N_1354320630,N_7848207940,Prtry,ELEM,,,000,0035,,FI_CGI_DMEE_EXIT_W_BADI,999,,,
PAYM,CGI_XML_CT_V9,N_1402050630,N_1139283400,Amt,ELEM,,,000,0000,,,999,N_3311210560,N_9409556410,
PAYM,CGI_XML_CT_V9,N_1429031250,N_0287089780,Amt,ELEM,FPAYHX,WAERS,000,0015,AL.=,FI_CGI_DMEE_EXIT_W_BADI,999,N_5979192610,N_5232254790,TAXAMT
PAYM,CGI_XML_CT_V9,N_1436085460,N_4634017880,CtrySubDvsn,ELEM,FPAYP,REGIO,000,0000,CL RP    X,FI_CGI_DMEE_EXIT_W_BADI,999,N_9987779130,,
PAYM,CGI_XML_CT_V9,N_1441905910,N_8311560080,PstCd,ELEM,FPAYH,ZPSTL,000,0000,CL       X,FI_CGI_DMEE_EXIT_W_BADI,999,N_1709533600,,
PAYM,CGI_XML_CT_V9,N_1477731070,N_9606565700,Cd,ELEM,,,000,0000,,FI_CGI_DMEE_EXIT_W_BADI,999,N_2778617770,,
PAYM,CGI_XML_CT_V9,N_1498331320,N_0978274660,-ClrSysMmbId,TECH,,,000,0000,,FI_CGI_DMEE_EXIT_W_BADI,999,N_9195885710,,-CLRSYSMMBI1
PAYM,CGI_XML_CT_V9,N_1498466520,N_7469163780,InitgPty,ELEM,,,000,0000,,,999,N_8587455300,N_8295300910,
PAYM,CGI_XML_CT_V9,N_1562432500,N_6259365580,Ccy,XMAT,FPAYHX,WAERS,000,0000,,,999,,,
PAYM,CGI_XML_CT_V9,N_1591612430,N_7025030710,FinInstnId,ELEM,,,000,0000,,,999,N_3663990150,N_9590996940,
PAYM,CGI_XML_CT_V9,N_1601503000,N_0080854690,Id,ELEM,FPAYHX,ZBNKN_EXT,000,0000,,FI_CGI_DMEE_EXIT_W_BADI,999,N_2753568390,,
PAYM,CGI_XML_CT_V9,N_1602061050,N_1139283400,InstrForCdtrAgt,ELEM,,,000,0000,,,999,N_7714204990,N_0310946280,
PAYM,CGI_XML_CT_V9,N_1604372870,N_5749715530,BirthDt,ELEM,,,000,0000,,FI_CGI_DMEE_EXIT_W_BADI,999,N_5898097040,,
PAYM,CGI_XML_CT_V9,N_1605357440,N_9413293970,Issr,ELEM,,,000,0000,,FI_CGI_DMEE_EXIT_W_BADI,999,,,
PAYM,CGI_XML_CT_V9,N_1615123720,N_5166812020,AdrTp,ELEM,,,000,0000,CL       X,FI_CGI_DMEE_EXIT_W_BADI,999,N_9441222840,,
PAYM,CGI_XML_CT_V9,N_1622469640,N_3842760480,BICOrBEI,ELEM,,,000,0011,,FI_CGI_DMEE_EXIT_W_BADI,999,N_3829201640,,
PAYM,CGI_XML_CT_V9,N_1676766900,N_5831535930,PstlAdr,ELEM,,,000,0000,,,999,,N_8089003480,
PAYM,CGI_XML_CT_V9,N_1678763760,N_8630803100,Rate,ELEM,,,000,0000,,FI_CGI_DMEE_EXIT_W_BADI,999,N_2480016880,,
PAYM,CGI_XML_CT_V9,N_1698342020,N_4677680200,Prtry,ELEM,,,000,0000,,FI_CGI_DMEE_EXIT_W_BADI,999,,,
PAYM,CGI_XML_CT_V9,N_1709533600,N_8311560080,TwnNm,ELEM,FPAYH,ZORT1,000,0035,CL       X,FI_CGI_DMEE_EXIT_W_BADI,999,N_3320603430,,
PAYM,CGI_XML_CT_V9,N_1716940280,N_5064979580,Dt,ELEM,,,000,0010,,,999,N_2293686690,N_1797442920,
PAYM,CGI_XML_CT_V9,N_1767414910,N_5166812020,StrtNm,ELEM,,,000,0070,CL       X,FI_CGI_DMEE_EXIT_W_BADI,999,N_8790436200,,
PAYM,CGI_XML_CT_V9,N_1771370010,N_8251018140,Prtry,ELEM,,,000,0000,,FI_CGI_DMEE_EXIT_W_BADI,999,N_4972853960,,
PAYM,CGI_XML_CT_V9,N_1797442920,N_1716940280,YYYY,ATOM,SYST,DATLO,000,0004,CL,,999,N_9705679590,,
PAYM,CGI_XML_CT_V9,N_1828328130,N_3738885180,-PstlAdr,TECH,,,000,0000,,FI_CGI_DMEE_EXIT_W_BADI,999,N_8311560080,,-CDPSTLADR
PAYM,CGI_XML_CT_V9,N_1835092810,N_3346275370,PrtLctn,ELEM,,,000,0003,CL RP    X,FI_CGI_DMEE_EXIT_W_BADI,999,,,
PAYM,CGI_XML_CT_V9,N_1838711760,N_0693479130,Ctry,ELEM,FPAYHX,ZBISO,000,0000,CL       X,,999,N_7139909510,,
PAYM,CGI_XML_CT_V9,N_1841606350,N_7369527230,Adr,ELEM,,,000,0000,,,999,,N_1948720730,
PAYM,CGI_XML_CT_V9,N_1847754900,N_2067850270,Para,ATOM,FPM_CGI,XMLNS,000,0070,,,999,,,
PAYM,CGI_XML_CT_V9,N_1922504750,N_2689587420,YYYY,ATOM,FPAYH,VALUT,000,0004,CL,,999,N_6492216510,,
PAYM,CGI_XML_CT_V9,N_1928377250,N_0945185490,Ccy,XMAT,FPAYP,WAERS,000,0000,,FI_CGI_DMEE_EXIT_W_BADI,999,,,
PAYM,CGI_XML_CT_V9,N_1935991060,N_7887534710,Amt,ELEM,,,000,0000,,FI_CGI_DMEE_EXIT_W_BADI,999,N_6538387030,N_4134359650,
PAYM,CGI_XML_CT_V9,N_1941545910,N_1716940280,MM,ATOM,SYST,DATLO,004,0002,CL,,999,N_7981490550,,
PAYM,CGI_XML_CT_V9,N_1948720730,N_1841606350,Dept,ELEM,,,000,0000,,FI_CGI_DMEE_EXIT_W_BADI,999,N_0853780990,,
PAYM,CGI_XML_CT_V9,N_1950169200,N_8381033730,Id,ELEM,,,000,0000,,FI_CGI_DMEE_EXIT_W_BADI,999,N_8337240420,,
PAYM,CGI_XML_CT_V9,N_1984035110,N_8953239690,Othr,ELEM,,,000,0000,,,999,,N_7546600190,
PAYM,CGI_XML_CT_V9,N_2021551900,N_0856629490,Cd,ELEM,,,000,0035,,FI_CGI_DMEE_EXIT_W_BADI,999,N_2463988380,,
PAYM,CGI_XML_CT_V9,N_2033487190,N_5498165460,Id,ELEM,,,000,0000,,FI_CGI_DMEE_EXIT_W_BADI,999,N_5721093950,,
PAYM,CGI_XML_CT_V9,N_2045777210,N_1498466520,Id,ELEM,,,000,0000,,,999,N_7368517580,N_2851824500,
PAYM,CGI_XML_CT_V9,N_2067850270,N_5649723900,xmlns,XMAT,,,000,0000,,,999,N_5752579380,N_8391136070,
PAYM,CGI_XML_CT_V9,N_2068213470,N_6294588020,Tp2,TECH,,,000,0000,,FI_CGI_DMEE_EXIT_W_BADI,999,N_2834669310,,RGLRPTGTP2
PAYM,CGI_XML_CT_V9,N_2086830710,N_2753568390,Prtry,ELEM,,,000,0000,,FI_CGI_DMEE_EXIT_W_BADI,999,,,
PAYM,CGI_XML_CT_V9,N_2089048150,N_5163414480,RfrdDocInf,ELEM,,,000,0000,,,999,N_4897568180,N_5029480180,
PAYM,CGI_XML_CT_V9,N_2112991760,N_2760349120,Ref,ELEM,,,000,0000,CL       X,FI_CGI_DMEE_EXIT_W_BADI,999,,,
PAYM,CGI_XML_CT_V9,N_2114725670,N_0132006970,Tp,ELEM,,,000,0000,,,999,N_3152274970,N_2767025720,
PAYM,CGI_XML_CT_V9,N_2119678460,N_4981086760,Nm,ELEM,FPAYP,BNAME,000,0070,CL RP    X,,999,N_6479664540,,
PAYM,CGI_XML_CT_V9,N_2122158140,N_4360444640,-StrdLv3CZ1,TECH,,,000,0000,,FI_CGI_DMEE_EXIT_W_BADI,999,N_3365164420,,-STRDLV3CZ1
PAYM,CGI_XML_CT_V9,N_2161019450,N_2045777210,PrvtId,ELEM,,,000,0000,,,999,,N_8770102090,
PAYM,CGI_XML_CT_V9,N_2170156590,N_9413293970,SchmeNm,ELEM,,,000,0000,,,999,N_1605357440,N_3708800720,
PAYM,CGI_XML_CT_V9,N_2172489150,N_2962395400,Id,ELEM,,,000,0000,,FI_CGI_DMEE_EXIT_W_BADI,999,N_0691968180,,
PAYM,CGI_XML_CT_V9,N_2174147050,N_4634017880,Dept,ELEM,,,000,0000,CL       X,FI_CGI_DMEE_EXIT_W_BADI,999,N_2270667760,,
PAYM,CGI_XML_CT_V9,N_2191345180,N_7469163780,MsgId,ELEM,FPAYHX,RENUM,000,0035,,FI_CGI_DMEE_EXIT_W_BADI,999,N_9721922410,,
PAYM,CGI_XML_CT_V9,N_2223569370,N_5383824460,-EndToEndId,TECH,,,000,0000,,FI_CGI_DMEE_EXIT_W_BADI,999,N_8441785890,,-ENDTOENDID
PAYM,CGI_XML_CT_V9,N_2236809990,N_1402050630,EqvtAmt,ELEM,,,000,0000,,,999,,N_9548754410,
PAYM,CGI_XML_CT_V9,N_2242185920,N_7848207940,Cd,ELEM,,,000,0035,,FI_CGI_DMEE_EXIT_W_BADI,999,N_1354320630,,
PAYM,CGI_XML_CT_V9,N_2260960950,N_3816618790,PmtInfId,ELEM,,,000,0035,,FI_CGI_DMEE_EXIT_W_BADI,999,N_4932617300,,
PAYM,CGI_XML_CT_V9,N_2270667760,N_4634017880,SubDept,ELEM,,,000,0000,CL       X,FI_CGI_DMEE_EXIT_W_BADI,999,N_8210927030,,
PAYM,CGI_XML_CT_V9,N_2284171050,N_4360444640,-Ustrd,TECH,,,000,0000,,FI_CGI_DMEE_EXIT_W_BADI,999,N_6995550560,,-USTRD
PAYM,CGI_XML_CT_V9,N_2293686690,N_5064979580,SeqNb,ELEM,,,000,0000,,FI_CGI_DMEE_EXIT_W_BADI,999,N_7407754150,,
PAYM,CGI_XML_CT_V9,N_2294947980,N_1716940280,DD,ATOM,SYST,DATLO,006,0002,CL,,999,,,
PAYM,CGI_XML_CT_V9,N_2294983400,N_5392001640,-Prxy,TECH,,,000,0000,,FI_CGI_DMEE_EXIT_W_BADI,999,N_9136748270,,-PRXYC
PAYM,CGI_XML_CT_V9,N_2303350700,N_9195885710,ClrSysId,ELEM,,,000,0000,,,999,N_5240096370,N_7805026370,
PAYM,CGI_XML_CT_V9,N_2317991840,N_7102157750,IBAN,ELEM,FPAYH,ZIBAN,000,0000,,FI_CGI_DMEE_EXIT_W_BADI,999,N_3168899140,,
PAYM,CGI_XML_CT_V9,N_2326418530,N_1160789980,-PstlAdr_More_Nodes,TECH,,,000,0000,,FI_CGI_DMEE_EXIT_W_BADI,999,N_0293281340,,-PSTLADRMORE
PAYM,CGI_XML_CT_V9,N_2329002840,N_5207120400,Tp,ELEM,,,000,0000,,,999,N_5941131490,N_4220290120,
PAYM,CGI_XML_CT_V9,N_2371218210,N_3043492130,SvcLvl,ELEM,,,000,0000,,,999,N_7848207940,N_5356694340,
PAYM,CGI_XML_CT_V9,N_2371290860,N_7475926960,ChanlTp,ELEM,,,000,0004,,FI_CGI_DMEE_EXIT_W_BADI,999,N_0246121800,,CHNLTP2
PAYM,CGI_XML_CT_V9,N_2375997480,N_7407754150,Prd,ELEM,,,000,0000,,,999,N_8630803100,N_7006370490,
PAYM,CGI_XML_CT_V9,N_2405519130,N_6210260290,Id,ELEM,,,000,0000,,,999,N_6123792920,N_3842760480,
PAYM,CGI_XML_CT_V9,N_2428839270,N_2236809990,CcyOfTrf,ELEM,FPAYHX,WAERS,000,0000,,FI_CGI_DMEE_EXIT_W_BADI,999,,,
PAYM,CGI_XML_CT_V9,N_2431307040,N_7044805160,Prtry,ELEM,,,000,0000,,FI_CGI_DMEE_EXIT_W_BADI,999,N_9394890100,,
PAYM,CGI_XML_CT_V9,N_2463988380,N_0856629490,Prtry,ELEM,,,000,0035,,FI_CGI_DMEE_EXIT_W_BADI,999,,,
PAYM,CGI_XML_CT_V9,N_2466426040,N_0978274660,Nm,ELEM,FPAYH,ZBNKA,000,0070,CL       X,FI_CGI_DMEE_EXIT_W_BADI,999,N_2938451040,,
PAYM,CGI_XML_CT_V9,N_2471471500,N_0367432920,Prtry,ELEM,,,000,0000,,FI_CGI_DMEE_EXIT_W_BADI,999,,,
PAYM,CGI_XML_CT_V9,N_2471894210,N_8573923400,Cd,ELEM,,,000,0000,,FI_CGI_DMEE_EXIT_W_BADI,999,,,
PAYM,CGI_XML_CT_V9,N_2473191980,N_0808556820,Prtry,ELEM,,,000,0035,,FI_CGI_DMEE_EXIT_W_BADI,999,,,
PAYM,CGI_XML_CT_V9,N_2480016880,N_8630803100,TaxblBaseAmt,ELEM,FPAYHX,HWISO,000,0018,AL.=,FI_CGI_DMEE_EXIT_W_BADI,999,N_3868713570,N_7615991880,
PAYM,CGI_XML_CT_V9,N_2503021990,N_4158666930,Id,ELEM,,,000,0000,,FI_CGI_DMEE_EXIT_W_BADI,999,,,
PAYM,CGI_XML_CT_V9,N_2517145460,N_6582554760,-OrgId,TECH,,,000,0000,,FI_CGI_DMEE_EXIT_W_BADI,999,N_6406447170,,-CDORGID
PAYM,CGI_XML_CT_V9,N_2524041960,N_3842760480,-Othr9,TECH,,,000,0000,,FI_CGI_DMEE_EXIT_W_BADI,999,N_0547606300,,-DBTROTHR9
PAYM,CGI_XML_CT_V9,N_2524282270,N_5443906990,Prtry,ELEM,FPAYP,STRFR,000,0000,,FI_CGI_DMEE_EXIT_W_BADI,999,,,
PAYM,CGI_XML_CT_V9,N_2554667810,N_4677680200,Cd,ELEM,,,000,0000,,,999,N_1698342020,,
PAYM,CGI_XML_CT_V9,N_2555466520,N_1402050630,InstdAmt,ELEM,FPAYH,RWBTR,000,0015,AL.=,,999,N_2236809990,N_5451958180,IA
PAYM,CGI_XML_CT_V9,N_2560946480,N_3346275370,ChqNb,ELEM,FPAYHX,CHECK,000,0000,,,999,N_4259075460,,
PAYM,CGI_XML_CT_V9,N_2629026670,N_6620186670,Issr,ELEM,,,000,0000,,FI_CGI_DMEE_EXIT_W_BADI,999,,,
PAYM,CGI_XML_CT_V9,N_2652175830,N_6690387510,Authrty,ELEM,,,000,0000,,,999,N_7887534710,N_4085486390,
PAYM,CGI_XML_CT_V9,N_2662885070,N_2689587420,MM,ATOM,FPAYH,VALUT,004,0002,CL,,999,N_4828117130,,
PAYM,CGI_XML_CT_V9,N_2664646900,N_1235564610,CdtNoteAmt,ELEM,FPAYHX,WAERS,000,0015,AL.=,FI_CGI_DMEE_EXIT_W_BADI,999,N_9264632840,N_3400532900,
PAYM,CGI_XML_CT_V9,N_2666998660,N_7522067540,MmbId,ELEM,FPAYHX,BECSIC1_EXT,000,0000,,FI_CGI_DMEE_EXIT_W_BADI,999,,,
PAYM,CGI_XML_CT_V9,N_2667125260,N_5099563850,Prtry,ELEM,,,000,0000,,FI_CGI_DMEE_EXIT_W_BADI,999,,,
PAYM,CGI_XML_CT_V9,N_2679579520,N_3842760480,-Othr2,TECH,,,000,0000,,FI_CGI_DMEE_EXIT_W_BADI,999,N_8381033730,,-DBTROTHR2
PAYM,CGI_XML_CT_V9,N_2682773050,N_2795997530,MobNb,ELEM,FPAYH,TELF2,000,0000,CL RP    X,,999,N_3309158080,,
PAYM,CGI_XML_CT_V9,N_2683114060,N_1235564610,-DscntApldAmt,TECH,,,000,0000,,FI_CGI_DMEE_EXIT_W_BADI,999,N_6259365580,,-DSCNTAPLDAM
PAYM,CGI_XML_CT_V9,N_2687513880,N_5887104050,Id,ELEM,,,000,0128,,FI_CGI_DMEE_EXIT_W_BADI,999,,,ID1
PAYM,CGI_XML_CT_V9,N_2689587420,N_3346275370,ChqMtrtyDt,ELEM,,,000,0010,,,999,N_8635114420,N_1922504750,
PAYM,CGI_XML_CT_V9,N_2738086400,N_6300363380,Id,ELEM,,,000,0128,,FI_CGI_DMEE_EXIT_W_BADI,999,,,ID3
PAYM,CGI_XML_CT_V9,N_2753568390,N_0080854690,SchmeNm,ELEM,,,000,0000,,,999,N_5793586480,N_7905708490,
PAYM,CGI_XML_CT_V9,N_2760349120,N_8957263060,CdtrRefInf,ELEM,,,000,0000,,,999,N_6458033650,N_4255875310,
PAYM,CGI_XML_CT_V9,N_2767025720,N_2114725670,Cd,ELEM,,,000,0000,,FI_CGI_DMEE_EXIT_W_BADI,999,N_3472320390,,
PAYM,CGI_XML_CT_V9,N_2778617770,N_9606565700,Prtry,ELEM,,,000,0000,,FI_CGI_DMEE_EXIT_W_BADI,999,,,
PAYM,CGI_XML_CT_V9,N_2794070060,N_6680752060,ToDt,ELEM,,,000,0000,,FI_CGI_DMEE_EXIT_W_BADI,999,,,
PAYM,CGI_XML_CT_V9,N_2795997530,N_6210260290,CtctDtls,ELEM,,,000,0000,,,999,,N_3429280040,
PAYM,CGI_XML_CT_V9,N_2825111010,N_6210260290,-CtctDtls,TECH,,,000,0000,,FI_CGI_DMEE_EXIT_W_BADI,999,N_2795997530,,-CTCTDTLS
PAYM,CGI_XML_CT_V9,N_2834669310,N_6294588020,Tp,ELEM,,,000,0000,,FI_CGI_DMEE_EXIT_W_BADI,999,N_6079209990,,
PAYM,CGI_XML_CT_V9,N_2838761660,N_7469163780,CtrlSum,ELEM,,,000,0018,AL.=,,999,N_1498466520,,
PAYM,CGI_XML_CT_V9,N_2851824500,N_2045777210,OrgId,ELEM,,,000,0000,,,999,N_2161019450,N_4887317080,
PAYM,CGI_XML_CT_V9,N_2895255990,N_4082185680,Authstn,ELEM,,,000,0000,,,999,,N_3623373620,
PAYM,CGI_XML_CT_V9,N_2938451040,N_0978274660,-PstlAdr,TECH,,,000,0000,,FI_CGI_DMEE_EXIT_W_BADI,999,N_0693479130,,-CDAGPSTLADR
PAYM,CGI_XML_CT_V9,N_2944315310,N_4082185680,RegnId,ELEM,,,000,0000,,FI_CGI_DMEE_EXIT_W_BADI,999,N_5364747860,,
PAYM,CGI_XML_CT_V9,N_2948106120,N_4259075460,Prtry,ELEM,,,000,0035,,FI_CGI_DMEE_EXIT_W_BADI,999,,,
PAYM,CGI_XML_CT_V9,N_2957490810,N_5163414480,-RfrdDocInf,TECH,,,000,0000,,FI_CGI_DMEE_EXIT_W_BADI,999,N_2089048150,,-RFRDDOCINF
PAYM,CGI_XML_CT_V9,N_2958009600,N_0631440390,EXIT,ATOM,,,000,0035,,FI_CGI_DMEE_EXIT_W_BADI,999,N_7003568530,,E2E_E
PAYM,CGI_XML_CT_V9,N_2959044440,N_7014947170,Strd_Ref_CZ2,TECH,,,000,0000,,FI_CGI_DMEE_EXIT_W_BADI,999,N_6649900160,,STRD_REF_CZ2
PAYM,CGI_XML_CT_V9,N_2962395400,N_5957500630,Othr,ELEM,,,000,0000,,,999,,N_2172489150,
PAYM,CGI_XML_CT_V9,N_3018958880,N_3816618790,CtrlSum,ELEM,,,000,0018,AL.=,,999,N_8951620990,,IA2
PAYM,CGI_XML_CT_V9,N_3043492130,N_3816618790,PmtTpInf,ELEM,,,000,0000,,,999,N_4915621020,N_0063778710,
PAYM,CGI_XML_CT_V9,N_3049746840,N_0693479130,AdrLine,ELEM,FPAYH,ZBSTR,000,0070,CL RP    X,,999,N_1011783010,,
PAYM,CGI_XML_CT_V9,N_3051286520,N_0377008530,Nm,ELEM,FPAYP,NAME1,000,0070,CL RP    X,,999,N_4634017880,,
PAYM,CGI_XML_CT_V9,N_3077368890,N_7911220900,CdtrRefInf,ELEM,,,000,0000,,,999,,N_0003661540,
PAYM,CGI_XML_CT_V9,N_3087852160,N_6776022470,Prtry,ELEM,,,000,0000,,FI_CGI_DMEE_EXIT_W_BADI,999,N_5537717440,,
PAYM,CGI_XML_CT_V9,N_3152274970,N_0132006970,Ccy,ELEM,,,000,0000,,FI_CGI_DMEE_EXIT_W_BADI,999,N_1257377560,,
PAYM,CGI_XML_CT_V9,N_3156850640,N_1160789980,AdrLine2,TECH,,,000,0000,CL       X,FI_CGI_DMEE_EXIT_W_BADI,999,N_9204653810,,ADRLINE2
PAYM,CGI_XML_CT_V9,N_3168899140,N_7102157750,-Othr,TECH,,,000,0000,,FI_CGI_DMEE_EXIT_W_BADI,999,N_0080854690,,-CDACOTHR
PAYM,CGI_XML_CT_V9,N_3201795660,N_3842760480,-Othr8,TECH,,,000,0000,,FI_CGI_DMEE_EXIT_W_BADI,999,N_4049428870,,-DBTROTHR8
PAYM,CGI_XML_CT_V9,N_3227684200,N_8824498030,Dept,ELEM,,,000,0000,CL RP    X,FI_CGI_DMEE_EXIT_W_BADI,999,N_6373861330,,
PAYM,CGI_XML_CT_V9,N_3231994500,N_7407754150,DbtrSts,ELEM,,,000,0000,,FI_CGI_DMEE_EXIT_W_BADI,999,N_6461870330,,
PAYM,CGI_XML_CT_V9,N_3242398790,N_3861362410,Tp,ELEM,,,000,0000,,FI_CGI_DMEE_EXIT_W_BADI,999,N_6680752060,,
PAYM,CGI_XML_CT_V9,N_3259090940,N_7902605600,OrgId,ELEM,,,000,0000,,,999,,N_0079165060,
PAYM,CGI_XML_CT_V9,N_3263383210,N_1139283400,CdtrAgtAcct,ELEM,,,000,0000,,,999,N_3738885180,N_8953239690,
PAYM,CGI_XML_CT_V9,N_3269530390,N_1235564610,-CdtNoteAmt,TECH,,,000,0000,,FI_CGI_DMEE_EXIT_W_BADI,999,N_2664646900,,-CDTNOTEAMT
PAYM,CGI_XML_CT_V9,N_3284361780,N_3498213760,Cd,ELEM,,,000,0004,,FI_CGI_DMEE_EXIT_W_BADI,999,N_0832103570,,
PAYM,CGI_XML_CT_V9,N_3299401480,N_3816618790,-CtrlSum,TECH,,,000,0000,,FI_CGI_DMEE_EXIT_W_BADI,999,N_3018958880,,-CTRLSUM
PAYM,CGI_XML_CT_V9,N_3309158080,N_2795997530,FaxNb,ELEM,FPAYH,TELFX,000,0000,CL RP    X,,999,N_9647928080,,
PAYM,CGI_XML_CT_V9,N_3311210560,N_1139283400,ChrgBr,ELEM,,,000,0000,,FI_CGI_DMEE_EXIT_W_BADI,999,N_7781657730,,
PAYM,CGI_XML_CT_V9,N_3320603430,N_8311560080,CtrySubDvsn,ELEM,,,000,0000,CL       X,FI_CGI_DMEE_EXIT_W_BADI,999,N_9930896580,,
PAYM,CGI_XML_CT_V9,N_3346275370,N_1139283400,ChqInstr,ELEM,,,000,0000,,,999,N_3581298660,N_7678557910,
PAYM,CGI_XML_CT_V9,N_3364959910,N_5720024450,Nm,ELEM,,,000,0140,CL       X,FI_CGI_DMEE_EXIT_W_BADI,999,N_5166812020,,
PAYM,CGI_XML_CT_V9,N_3365164420,N_4360444640,Strd,ELEM,,,000,0000,,,999,N_0383286740,N_8930323890,
PAYM,CGI_XML_CT_V9,N_3374661640,N_0691968180,Prtry,ELEM,,,000,0000,,FI_CGI_DMEE_EXIT_W_BADI,999,,,
PAYM,CGI_XML_CT_V9,N_3400532900,N_2664646900,Ccy,XMAT,FPAYHX,WAERS,000,0000,,,999,,,
PAYM,CGI_XML_CT_V9,N_3425783580,N_8190227710,RegnId,ELEM,,,000,0000,,FI_CGI_DMEE_EXIT_W_BADI,999,N_8660258880,,
PAYM,CGI_XML_CT_V9,N_3429280040,N_2795997530,NmPrfx,ELEM,FPAYH,SALUT,000,0000,CL RP    X,FI_CGI_DMEE_EXIT_W_BADI,999,N_3975805550,,
PAYM,CGI_XML_CT_V9,N_3463355640,N_3738885180,CtryOfRes,ELEM,,,000,0000,,FI_CGI_DMEE_EXIT_W_BADI,999,N_7297798890,,
PAYM,CGI_XML_CT_V9,N_3466207710,N_1160789980,StrtNm,ELEM,,,000,0060,CL       X,FI_CGI_DMEE_EXIT_W_BADI,999,N_9244532990,,
PAYM,CGI_XML_CT_V9,N_3472320390,N_2114725670,Prtry,ELEM,,,000,0000,,FI_CGI_DMEE_EXIT_W_BADI,999,,,
PAYM,CGI_XML_CT_V9,N_3498213760,N_0653427090,CtgyPurp,ELEM,,,000,0000,,,999,,N_3284361780,
PAYM,CGI_XML_CT_V9,N_3541914060,N_1591612430,ClrSysMmbId,ELEM,,,000,0000,,,999,N_7527198390,N_4357792560,
PAYM,CGI_XML_CT_V9,N_3551258420,N_3861362410,Yr,ELEM,,,000,0000,,FI_CGI_DMEE_EXIT_W_BADI,999,N_3242398790,,
PAYM,CGI_XML_CT_V9,N_3559826030,N_4653624170,Nm,ELEM,,,000,0000,CL       X,FI_CGI_DMEE_EXIT_W_BADI,999,,,
PAYM,CGI_XML_CT_V9,N_3578098180,N_8311560080,AdrLine,ELEM,,,000,0000,CL       X,,999,,,
PAYM,CGI_XML_CT_V9,N_3581298660,N_1139283400,-UltmtDbtr,TECH,,,000,0000,,FI_CGI_DMEE_EXIT_W_BADI,999,N_4981086760,,-ULTMTDBTR
PAYM,CGI_XML_CT_V9,N_3583105820,N_8824498030,CtrySubDvsn,ELEM,FPAYP,REF01,090,0010,CL RP    X,,999,N_6604713370,,
PAYM,CGI_XML_CT_V9,N_3587178480,N_5206513830,Id,ELEM,,,000,0000,,FI_CGI_DMEE_EXIT_W_BADI,999,N_0698467000,,
PAYM,CGI_XML_CT_V9,N_3595021980,N_6201892920,Id,ELEM,,,000,0000,,FI_CGI_DMEE_EXIT_W_BADI,999,N_8573923400,,
PAYM,CGI_XML_CT_V9,N_3599361390,N_4634017880,BldgNb,ELEM,,,000,0000,CL RP    X,FI_CGI_DMEE_EXIT_W_BADI,999,N_0620492590,,
PAYM,CGI_XML_CT_V9,N_3618407930,N_8573923400,Prtry,ELEM,,,000,0000,,FI_CGI_DMEE_EXIT_W_BADI,999,N_2471894210,,
PAYM,CGI_XML_CT_V9,N_3623373620,N_2895255990,Titl,ELEM,,,000,0000,,FI_CGI_DMEE_EXIT_W_BADI,999,N_6668013900,,
PAYM,CGI_XML_CT_V9,N_3663938640,N_8022520680,Id,ELEM,,,000,0000,,FI_CGI_DMEE_EXIT_W_BADI,999,,,
PAYM,CGI_XML_CT_V9,N_3663990150,N_7025030710,BrnchId,ELEM,,,000,0000,,,999,,N_0200816950,
PAYM,CGI_XML_CT_V9,N_3684693280,N_1591612430,-ClrSysMmbId,TECH,,,000,0000,,FI_CGI_DMEE_EXIT_W_BADI,999,N_3541914060,,-CLRSYSMMBID
PAYM,CGI_XML_CT_V9,N_3697641060,N_3043492130,CtgyPurp,ELEM,,,000,0000,,,999,,N_4940743290,
PAYM,CGI_XML_CT_V9,N_3708631190,N_8675857150,Amt,ELEM,,,000,0000,,FI_CGI_DMEE_EXIT_W_BADI,999,,,
PAYM,CGI_XML_CT_V9,N_3708800720,N_2170156590,Prtry,ELEM,,,000,0000,,FI_CGI_DMEE_EXIT_W_BADI,999,N_5997260160,,
PAYM,CGI_XML_CT_V9,N_3709300380,N_1139283400,InstrForCdtrAgt,ELEM,,,000,0000,,,999,N_4764391820,N_9624355090,
PAYM,CGI_XML_CT_V9,N_3725687090,N_0978274660,-Nm,TECH,,,000,0000,,FI_CGI_DMEE_EXIT_W_BADI,999,N_2466426040,,-CDTRAGTNM
PAYM,CGI_XML_CT_V9,N_3728484300,N_9113525360,SchmeNm,ELEM,,,000,0000,,,999,,N_0721840620,
PAYM,CGI_XML_CT_V9,N_3738009360,N_5166812020,SubDept,ELEM,,,000,0070,CL       X,FI_CGI_DMEE_EXIT_W_BADI,999,N_1767414910,,
PAYM,CGI_XML_CT_V9,N_3738885180,N_1139283400,Cdtr,ELEM,,,000,0000,,,999,N_1312690630,N_0711160730,
PAYM,CGI_XML_CT_V9,N_3754065010,N_6931641140,Issr,ELEM,,,000,0035,,FI_CGI_DMEE_EXIT_W_BADI,999,,,
PAYM,CGI_XML_CT_V9,N_3780425460,N_4981086760,CtryOfRes,ELEM,FPAYP,BLAND,000,0000,CL RP    X,,999,,,
PAYM,CGI_XML_CT_V9,N_3796955960,N_4357792560,Cd,ELEM,FPAYHX,REF07,110,0005,,FI_CGI_DMEE_EXIT_W_BADI,999,N_8932710580,,
PAYM,CGI_XML_CT_V9,N_3803888090,N_6263856470,Nm,ELEM,,,000,0000,CL       X,FI_CGI_DMEE_EXIT_W_BADI,999,,,
PAYM,CGI_XML_CT_V9,N_3813831110,N_8824498030,AdrLine,ELEM,FPAYP,BSTRAS,000,0000,CL RP    X,,999,,,
PAYM,CGI_XML_CT_V9,N_3814726690,N_7978288280,AdrLine2,TECH,,,000,0000,CL       X,FI_CGI_DMEE_EXIT_W_BADI,999,N_4920858270,,DBADRLINE2
PAYM,CGI_XML_CT_V9,N_3816618790,N_9874109890,PmtInf,ELEM,,,000,0000,,,999,N_7942616070,N_2260960950,
PAYM,CGI_XML_CT_V9,N_3820758340,N_3887555070,Prtry,ELEM,,,000,0035,,FI_CGI_DMEE_EXIT_W_BADI,999,,,
PAYM,CGI_XML_CT_V9,N_3829201640,N_3842760480,AnyBIC,ELEM,,,000,0011,,FI_CGI_DMEE_EXIT_W_BADI,999,N_9099517400,,
PAYM,CGI_XML_CT_V9,N_3829478300,N_1139283400,RltdRmtInf,ELEM,,,000,0000,,,999,N_4360444640,N_7718923500,
PAYM,CGI_XML_CT_V9,N_3839776710,N_5481550650,OrgId,ELEM,,,000,0000,,,999,,N_0812306550,
PAYM,CGI_XML_CT_V9,N_3842760480,N_2405519130,OrgId,ELEM,,,000,0000,,,999,,N_1622469640,
PAYM,CGI_XML_CT_V9,N_3861362410,N_8675857150,Prd,ELEM,,,000,0000,,,999,N_3708631190,N_3551258420,
PAYM,CGI_XML_CT_V9,N_3868713570,N_8630803100,TtlAmt,ELEM,FPAYHX,WAERS,000,0018,AL.=,FI_CGI_DMEE_EXIT_W_BADI,999,,N_8291806270,
PAYM,CGI_XML_CT_V9,N_3870371530,N_8218320160,Para,ATOM,FPM_CGI,SCHEMALOCATION,000,0000,,,999,,,
PAYM,CGI_XML_CT_V9,N_3880664910,N_4641247600,Cd,ELEM,,,000,0000,,FI_CGI_DMEE_EXIT_W_BADI,999,,,
PAYM,CGI_XML_CT_V9,N_3887555070,N_0653427090,SvcLvl,ELEM,,,000,0000,,,999,N_0856629490,N_6343498930,
PAYM,CGI_XML_CT_V9,N_3889335640,N_5392001640,Nm,ELEM,,,000,0000,CL       X,FI_CGI_DMEE_EXIT_W_BADI,999,N_2294983400,,
PAYM,CGI_XML_CT_V9,N_3920401360,N_4409502400,IBAN,ELEM,,,000,0000,,FI_CGI_DMEE_EXIT_W_BADI,999,N_6931641140,,
PAYM,CGI_XML_CT_V9,N_3920813800,N_3842760480,-OthrA,TECH,,,000,0000,,FI_CGI_DMEE_EXIT_W_BADI,999,N_4689323380,,-DBTROTHRA
PAYM,CGI_XML_CT_V9,N_3975805550,N_2795997530,Nm,ELEM,FPAYH,NAMP1,000,0000,CL RP    X,,999,N_5688811210,,
PAYM,CGI_XML_CT_V9,N_4000396130,N_3816618790,-ChrgsAcct,TECH,,,000,0000,,FI_CGI_DMEE_EXIT_W_BADI,999,N_0659954610,,-CHRGSACCT
PAYM,CGI_XML_CT_V9,N_4003174060,N_5064979580,AdmstnZn,ELEM,,,000,0000,,FI_CGI_DMEE_EXIT_W_BADI,999,N_7617288350,,
PAYM,CGI_XML_CT_V9,N_4008221280,N_0693479130,AdrLine,ELEM,FPAYH,ZBORT,000,0070,CL RP    X,,999,,,
PAYM,CGI_XML_CT_V9,N_4025073060,N_8311560080,BldgNb,ELEM,,,000,0000,CL       X,FI_CGI_DMEE_EXIT_W_BADI,999,N_1441905910,,
PAYM,CGI_XML_CT_V9,N_4036970840,N_4634017880,-PstlAdr_More_Nodes_UltmtCdtr,TECH,,,000,0000,,FI_CGI_DMEE_EXIT_W_BADI,999,N_2174147050,,-PSTLADRMOR3
PAYM,CGI_XML_CT_V9,N_4049428870,N_3842760480,Othr,ELEM,,,000,0000,,,999,N_2524041960,N_0612315180,
PAYM,CGI_XML_CT_V9,N_4082185680,N_5064979580,Dbtr,ELEM,,,000,0000,,,999,N_4003174060,N_5178421490,
PAYM,CGI_XML_CT_V9,N_4085486390,N_2652175830,Nm,ELEM,,,000,0000,,FI_CGI_DMEE_EXIT_W_BADI,999,N_7319324940,,
PAYM,CGI_XML_CT_V9,N_4090082790,N_5207120400,Ccy,ELEM,FPAYHX,UBWAE,000,0000,,,999,N_6661521010,,
PAYM,CGI_XML_CT_V9,N_4096553850,N_9413293970,Id,ELEM,,,000,0000,,FI_CGI_DMEE_EXIT_W_BADI,999,N_2170156590,,
PAYM,CGI_XML_CT_V9,N_4134359650,N_1935991060,Ccy,XMAT,,,000,0000,,FI_CGI_DMEE_EXIT_W_BADI,999,,,
PAYM,CGI_XML_CT_V9,N_4158666930,N_5207120400,Prxy,ELEM,,,000,0000,,,999,,N_0367432920,
PAYM,CGI_XML_CT_V9,N_4163092720,N_5392001640,Tp,ELEM,,,000,0000,,,999,N_3889335640,N_0302951040,
PAYM,CGI_XML_CT_V9,N_4200790340,N_1139283400,-IntrmyAgt1Acct,TECH,,,000,0000,,FI_CGI_DMEE_EXIT_W_BADI,999,N_0132006970,,-INTRMYAGT1A
PAYM,CGI_XML_CT_V9,N_4220290120,N_2329002840,Cd,ELEM,FPAYHX,UBKON,000,0000,,FI_CGI_DMEE_EXIT_W_BADI,999,N_9744817190,,
PAYM,CGI_XML_CT_V9,N_4242919690,N_6300363380,ChanlTp,ELEM,,,000,0004,,FI_CGI_DMEE_EXIT_W_BADI,999,N_2738086400,,CHNLTP3
PAYM,CGI_XML_CT_V9,N_4255875310,N_2760349120,-Tp,TECH,,,000,0000,,FI_CGI_DMEE_EXIT_W_BADI,999,N_4664202220,,-TP_LEV_3
PAYM,CGI_XML_CT_V9,N_4259075460,N_3346275370,DlvryMtd,ELEM,,,000,0004,,,999,N_0489973700,N_0037190360,
PAYM,CGI_XML_CT_V9,N_4322007760,N_1139283400,-Purp,TECH,,,000,0000,,FI_CGI_DMEE_EXIT_W_BADI,999,N_5443906990,,-PURP
PAYM,CGI_XML_CT_V9,N_4328841910,N_7469163780,FwdgAgt,ELEM,,,000,0000,,,999,,N_5389181150,
PAYM,CGI_XML_CT_V9,N_4344465660,N_5752579380,ISO,ATOM,,,000,0070,,FI_CGI_DMEE_EXIT_W_BADI,999,N_6882783600,,
PAYM,CGI_XML_CT_V9,N_4355972490,N_9053867800,Ccy,XMAT,FPAYHX,WAERS,000,0000,,,999,,,
PAYM,CGI_XML_CT_V9,N_4357792560,N_3541914060,ClrSysId,ELEM,,,000,0000,,,999,N_0354341350,N_3796955960,
PAYM,CGI_XML_CT_V9,N_4360444640,N_1139283400,RmtInf,ELEM,,,000,0000,,,999,,N_2284171050,
PAYM,CGI_XML_CT_V9,N_4409502400,N_5207120400,Id,ELEM,,,000,0000,,,999,N_2329002840,N_3920401360,
PAYM,CGI_XML_CT_V9,N_4451446130,N_0547606300,Id,ELEM,,,000,0000,,FI_CGI_DMEE_EXIT_W_BADI,999,N_6776022470,,
PAYM,CGI_XML_CT_V9,N_4479927170,N_8311560080,AdrLine2,TECH,,,000,0000,CL       X,FI_CGI_DMEE_EXIT_W_BADI,999,N_3578098180,,CDADRLINE2
PAYM,CGI_XML_CT_V9,N_4527289930,N_0659954610,Ccy,ELEM,FPAYHX,DTGIS,000,0000,,,999,,,
PAYM,CGI_XML_CT_V9,N_4552163620,N_4360444640,-Strd,TECH,,,000,0000,,FI_CGI_DMEE_EXIT_W_BADI,999,N_5163414480,,-STRD
PAYM,CGI_XML_CT_V9,N_4582813190,N_3842760480,-Othr3,TECH,,,000,0000,,FI_CGI_DMEE_EXIT_W_BADI,999,N_7910426120,,-DBTROTHR3
PAYM,CGI_XML_CT_V9,N_4587655900,N_1139283400,-RltdRmtInf,TECH,,,000,0000,,FI_CGI_DMEE_EXIT_W_BADI,999,N_3829478300,,-RLTDRMTINF
PAYM,CGI_XML_CT_V9,N_4592179550,N_0330017550,DbtCdtRptgInd,ELEM,,,000,0000,,FI_CGI_DMEE_EXIT_W_BADI,999,N_8275352230,,
PAYM,CGI_XML_CT_V9,N_4616835930,N_8337240420,Prtry,ELEM,,,000,0000,,FI_CGI_DMEE_EXIT_W_BADI,999,N_7674606100,,
PAYM,CGI_XML_CT_V9,N_4625526530,N_3346275370,-ChqNb,TECH,,,000,0000,,FI_CGI_DMEE_EXIT_W_BADI,999,N_2560946480,,-CHQNB
PAYM,CGI_XML_CT_V9,N_4634017880,N_0377008530,PstlAdr,ELEM,,,000,0000,,,999,N_4860828040,N_4036970840,
PAYM,CGI_XML_CT_V9,N_4641247600,N_6620186670,SchmeNm,ELEM,,,000,0000,,,999,N_2629026670,N_0604654920,
PAYM,CGI_XML_CT_V9,N_4647535410,N_4981086760,-CtryOfRes,TECH,,,000,0000,,FI_CGI_DMEE_EXIT_W_BADI,999,N_3780425460,,-CTRYOFRES1
PAYM,CGI_XML_CT_V9,N_4649341260,N_6294588020,Amt,ELEM,,,000,0000,,FI_CGI_DMEE_EXIT_W_BADI,999,N_1318637130,N_5315988160,
PAYM,CGI_XML_CT_V9,N_4653624170,N_5163414480,Invcr,ELEM,,,000,0000,,,999,N_9851358290,N_3559826030,
PAYM,CGI_XML_CT_V9,N_4664202220,N_2760349120,Tp,ELEM,,,000,0000,,,999,N_2112991760,N_5473031100,
PAYM,CGI_XML_CT_V9,N_4677680200,N_9136748270,Tp,ELEM,,,000,0000,,,999,N_0116235960,N_2554667810,
PAYM,CGI_XML_CT_V9,N_4689323380,N_3842760480,Othr,ELEM,,,000,0000,,,999,,N_6152210270,
PAYM,CGI_XML_CT_V9,N_4733628880,N_1235564610,-DuePyblAmt,TECH,,,000,0000,,FI_CGI_DMEE_EXIT_W_BADI,999,N_7956610410,,-DUEPYBLAMT
PAYM,CGI_XML_CT_V9,N_4764391820,N_1139283400,-InstrForDbtrAgt,TECH,,,000,0000,,FI_CGI_DMEE_EXIT_W_BADI,999,N_8333372800,,-INSTRFORDB
PAYM,CGI_XML_CT_V9,N_4775797650,N_6582554760,-PrvtId,TECH,,,000,0000,,FI_CGI_DMEE_EXIT_W_BADI,999,N_5957500630,,-CDPRVTID
PAYM,CGI_XML_CT_V9,N_4795854920,N_1139283400,IntrmyAgt1,ELEM,,,000,0000,,,999,N_4200790340,N_5831535930,
PAYM,CGI_XML_CT_V9,N_4828117130,N_2689587420,-,ATOM,,,000,0001,CL,,999,N_7110423850,,
PAYM,CGI_XML_CT_V9,N_4860828040,N_0377008530,CtryOfRes,ELEM,,,000,0000,CL       X,FI_CGI_DMEE_EXIT_W_BADI,999,,,
PAYM,CGI_XML_CT_V9,N_4887317080,N_2851824500,AnyBIC,ELEM,,,000,0011,,FI_CGI_DMEE_EXIT_W_BADI,999,N_1326271730,,
PAYM,CGI_XML_CT_V9,N_4897568180,N_5163414480,-RfrdDocAmt,TECH,,,000,0000,,FI_CGI_DMEE_EXIT_W_BADI,999,N_1235564610,,-RFRDDOCAMT
PAYM,CGI_XML_CT_V9,N_4912042680,N_1139283400,PmtRef,TECH,,,000,0000,,FI_CGI_DMEE_EXIT_W_BADI,999,N_5383824460,,
PAYM,CGI_XML_CT_V9,N_4915621020,N_3816618790,ReqdExctnDt,ELEM,,,000,0000,,,999,N_6210260290,N_8396521710,
PAYM,CGI_XML_CT_V9,N_4920858270,N_7978288280,AdrLine,ELEM,FPAYHX,UBORT,000,0070,CL RP    X,,999,,,
PAYM,CGI_XML_CT_V9,N_4930059160,N_4360444640,-StrdLv3CZ3,TECH,,,000,0000,,FI_CGI_DMEE_EXIT_W_BADI,999,N_7911220900,,-STRDLV3CZ3
PAYM,CGI_XML_CT_V9,N_4932617300,N_3816618790,PmtMtd,ELEM,,,000,0000,,FI_CGI_DMEE_EXIT_W_BADI,999,N_0076638040,,
PAYM,CGI_XML_CT_V9,N_4940743290,N_3697641060,Cd,ELEM,,,000,0004,,FI_CGI_DMEE_EXIT_W_BADI,999,N_6963714000,,
PAYM,CGI_XML_CT_V9,N_4972853960,N_8251018140,Cd,ELEM,,,000,0000,,FI_CGI_DMEE_EXIT_W_BADI,999,,,
PAYM,CGI_XML_CT_V9,N_4981086760,N_1139283400,UltmtDbtr,ELEM,,,000,0000,,,999,N_6413794690,N_2119678460,
PAYM,CGI_XML_CT_V9,N_5001810570,N_1138692080,SchmeNm,ELEM,,,000,0000,,,999,N_5329115110,N_6852874840,
PAYM,CGI_XML_CT_V9,N_5023885600,N_5443906990,-Prtry,TECH,,,000,0000,,FI_CGI_DMEE_EXIT_W_BADI,999,N_2524282270,,-PURPPRTRY
PAYM,CGI_XML_CT_V9,N_5029480180,N_2089048150,Tp,ELEM,,,000,0000,,,999,N_5990058830,N_9044983380,
PAYM,CGI_XML_CT_V9,N_5035180610,N_5001810570,Prtry,ELEM,,,000,0000,,FI_CGI_DMEE_EXIT_W_BADI,999,,,
PAYM,CGI_XML_CT_V9,N_5064979580,N_1139283400,Tax,ELEM,,,000,0000,,,999,N_4587655900,N_8190227710,
PAYM,CGI_XML_CT_V9,N_5065399950,N_0287089780,AddtlInf,ELEM,,,000,0000,,FI_CGI_DMEE_EXIT_W_BADI,999,,,
PAYM,CGI_XML_CT_V9,N_5099563850,N_7469163780,Authstn,ELEM,,,000,0000,,,999,N_5875883560,N_5746361510,
PAYM,CGI_XML_CT_V9,N_5111903750,N_6294588020,Cd2,TECH,,,000,0000,,FI_CGI_DMEE_EXIT_W_BADI,999,N_6233706030,,RGLRPTGCD2
PAYM,CGI_XML_CT_V9,N_5115302920,N_1138692080,Id,ELEM,,,000,0000,,FI_CGI_DMEE_EXIT_W_BADI,999,N_5001810570,,
PAYM,CGI_XML_CT_V9,N_5146436490,N_5166812020,PstCd,ELEM,,,000,0016,CL       X,FI_CGI_DMEE_EXIT_W_BADI,999,N_0321814050,,
PAYM,CGI_XML_CT_V9,N_5163414480,N_4360444640,Strd,ELEM,,,000,0000,,,999,,N_2957490810,
PAYM,CGI_XML_CT_V9,N_5166812020,N_5720024450,Adr,ELEM,,,000,0000,,,999,,N_1615123720,
PAYM,CGI_XML_CT_V9,N_5178421490,N_4082185680,TaxId,ELEM,,,000,0000,,FI_CGI_DMEE_EXIT_W_BADI,999,N_2944315310,,
PAYM,CGI_XML_CT_V9,N_5181352440,N_3816618790,-UltmtDbtr,TECH,,,000,0000,,FI_CGI_DMEE_EXIT_W_BADI,999,N_0200425770,,-ULTMTDBTR2
PAYM,CGI_XML_CT_V9,N_5182904290,N_6620186670,Id,ELEM,,,000,0000,,FI_CGI_DMEE_EXIT_W_BADI,999,N_4641247600,,
PAYM,CGI_XML_CT_V9,N_5206513830,N_3842760480,Othr,ELEM,,,000,0000,,,999,N_8664365440,N_3587178480,
PAYM,CGI_XML_CT_V9,N_5207120400,N_3816618790,DbtrAcct,ELEM,,,000,0000,,,999,N_7025030710,N_4409502400,
PAYM,CGI_XML_CT_V9,N_5232254790,N_1429031250,Ccy,XMAT,FPAYHX,WAERS,000,0000,,,999,,,
PAYM,CGI_XML_CT_V9,N_5238599170,N_5749715530,CtryOfBirth,ELEM,,,000,0000,,FI_CGI_DMEE_EXIT_W_BADI,999,,,
PAYM,CGI_XML_CT_V9,N_5240096370,N_9195885710,MmbId,ELEM,,,000,0000,,FI_CGI_DMEE_EXIT_W_BADI,999,,,
PAYM,CGI_XML_CT_V9,N_5279772970,N_3816618790,ChrgBr,ELEM,,,000,0000,,FI_CGI_DMEE_EXIT_W_BADI,999,N_4000396130,,
PAYM,CGI_XML_CT_V9,N_5315988160,N_4649341260,Ccy,XMAT,,,000,0000,,FI_CGI_DMEE_EXIT_W_BADI,999,,,
PAYM,CGI_XML_CT_V9,N_5329115110,N_1138692080,Issr,ELEM,,,000,0000,,FI_CGI_DMEE_EXIT_W_BADI,999,,,
PAYM,CGI_XML_CT_V9,N_5343261530,N_5721093950,Prtry,ELEM,,,000,0000,,FI_CGI_DMEE_EXIT_W_BADI,999,N_6843833700,,
PAYM,CGI_XML_CT_V9,N_5356694340,N_2371218210,Cd,ELEM,,,000,0004,,FI_CGI_DMEE_EXIT_W_BADI,999,N_0885541790,,
PAYM,CGI_XML_CT_V9,N_5364747860,N_4082185680,TaxTp,ELEM,,,000,0000,,FI_CGI_DMEE_EXIT_W_BADI,999,N_2895255990,,
PAYM,CGI_XML_CT_V9,N_5383824460,N_1139283400,PmtId,ELEM,,,000,0000,,,999,N_7164984980,N_6769620420,
PAYM,CGI_XML_CT_V9,N_5389181150,N_4328841910,FinInstnId,ELEM,,,000,0000,,,999,N_6322176040,N_7279926340,
PAYM,CGI_XML_CT_V9,N_5392001640,N_1139283400,CdtrAcct,ELEM,,,000,0000,,,999,N_6177328380,N_7102157750,
PAYM,CGI_XML_CT_V9,N_5409072530,N_9044983380,Prtry,ELEM,,,000,0035,,FI_CGI_DMEE_EXIT_W_BADI,999,,,
PAYM,CGI_XML_CT_V9,N_5443906990,N_1139283400,Purp,ELEM,,,000,0000,,,999,N_6720653350,N_0383793140,
PAYM,CGI_XML_CT_V9,N_5444661140,N_6406447170,AnyBIC,ELEM,,,000,0000,,FI_CGI_DMEE_EXIT_W_BADI,999,N_1138692080,,
PAYM,CGI_XML_CT_V9,N_5451958180,N_2555466520,Ccy,XMAT,FPAYH,WAERS,000,0000,,,999,,,
PAYM,CGI_XML_CT_V9,N_5471809290,N_5163414480,-AddtlRmtInf,TECH,,,000,0000,,FI_CGI_DMEE_EXIT_W_BADI,999,N_8236548390,,-ADDTLRMTINF
PAYM,CGI_XML_CT_V9,N_5473031100,N_4664202220,CdOrPrtry,ELEM,,,000,0000,,,999,N_1096300400,N_0465834030,
PAYM,CGI_XML_CT_V9,N_5481550650,N_0200425770,Id,ELEM,,,000,0000,,,999,,N_3839776710,
PAYM,CGI_XML_CT_V9,N_5483073050,N_8311560080,Dept,ELEM,,,000,0000,CL       X,FI_CGI_DMEE_EXIT_W_BADI,999,N_6298847140,,
PAYM,CGI_XML_CT_V9,N_5498165460,N_3842760480,Othr,ELEM,,,000,0000,,,999,N_3201795660,N_2033487190,
PAYM,CGI_XML_CT_V9,N_5537717440,N_6776022470,Cd,ELEM,,,000,0000,,FI_CGI_DMEE_EXIT_W_BADI,999,,,
PAYM,CGI_XML_CT_V9,N_5567336960,N_0831273940,FrDt,ELEM,,,000,0000,,FI_CGI_DMEE_EXIT_W_BADI,999,N_7344447060,,
PAYM,CGI_XML_CT_V9,N_5581150580,N_4360444640,Strd,ELEM,,,000,0000,,,999,N_4930059160,N_7014947170,
PAYM,CGI_XML_CT_V9,N_5590447100,N_3842760480,-Othr1,TECH,,,000,0000,,FI_CGI_DMEE_EXIT_W_BADI,999,N_9113525360,,-DBTROTHR1
PAYM,CGI_XML_CT_V9,N_5597507430,N_6294588020,Inf,ELEM,,,000,0035,CL       X,FI_CGI_DMEE_EXIT_W_BADI,999,,,
PAYM,CGI_XML_CT_V9,N_5605414550,N_0659954610,Id,ELEM,,,000,0000,,,999,N_4527289930,N_0003959320,
PAYM,CGI_XML_CT_V9,N_5641744790,N_0287089780,Rsn,ELEM,,,000,0000,,,999,N_5065399950,,
PAYM,CGI_XML_CT_V9,N_5649723900,ROOT,Document,ELEM,,,000,0000,,,999,,N_2067850270,
PAYM,CGI_XML_CT_V9,N_5664097610,N_1160789980,CtrySubDvsn,ELEM,,,000,0010,CL       X,FI_CGI_DMEE_EXIT_W_BADI,999,N_9432681780,,
PAYM,CGI_XML_CT_V9,N_5676304150,N_5904602850,Ccy,XMAT,FPAYP,WAERS,000,0000,,FI_CGI_DMEE_EXIT_W_BADI,999,,,
PAYM,CGI_XML_CT_V9,N_5688811210,N_2795997530,PhneNb,ELEM,FPAYH,TELF1,000,0000,CL RP    X,,999,N_2682773050,,
PAYM,CGI_XML_CT_V9,N_5713102660,N_5831535930,-ClrSysMmbId,TECH,,,000,0000,,FI_CGI_DMEE_EXIT_W_BADI,999,N_7522067540,,-IACLRSYSMMB
PAYM,CGI_XML_CT_V9,N_5720024450,N_3346275370,DlvrTo,ELEM,,,000,0000,,,999,N_1019985680,N_3364959910,
PAYM,CGI_XML_CT_V9,N_5721093950,N_5498165460,SchmeNm,ELEM,,,000,0000,,,999,,N_5343261530,
PAYM,CGI_XML_CT_V9,N_5721877200,N_1841606350,PstCd,ELEM,,,000,0000,,FI_CGI_DMEE_EXIT_W_BADI,999,N_8057347450,,
PAYM,CGI_XML_CT_V9,N_5738631030,N_9903102900,Cd,ELEM,,,000,0000,,FI_CGI_DMEE_EXIT_W_BADI,999,,,
PAYM,CGI_XML_CT_V9,N_5739748770,N_2375997480,Tp,ELEM,,,000,0000,,FI_CGI_DMEE_EXIT_W_BADI,999,N_0831273940,,
PAYM,CGI_XML_CT_V9,N_5746361510,N_5099563850,Cd,ELEM,,,000,0000,,FI_CGI_DMEE_EXIT_W_BADI,999,N_2667125260,,
PAYM,CGI_XML_CT_V9,N_5749715530,N_5957500630,DtAndPlcOfBirth,ELEM,,,000,0000,,,999,N_2962395400,N_1604372870,
PAYM,CGI_XML_CT_V9,N_5752579380,N_5649723900,xmlns:xsi,XMAT,,,000,0000,,,999,N_8218320160,N_4344465660,
PAYM,CGI_XML_CT_V9,N_5793586480,N_0080854690,Issr,ELEM,,,000,0035,,FI_CGI_DMEE_EXIT_W_BADI,999,,,
PAYM,CGI_XML_CT_V9,N_5831535930,N_4795854920,FinInstnId,ELEM,,,000,0000,,,999,N_8022520680,N_8198922950,
PAYM,CGI_XML_CT_V9,N_5834095640,N_8755405880,SchmeNm,ELEM,,,000,0000,,,999,N_8815323990,N_0470424190,
PAYM,CGI_XML_CT_V9,N_5875883560,N_7469163780,NbOfTxs,ELEM,,,000,0008,CL   R0,,999,N_2838761660,,
PAYM,CGI_XML_CT_V9,N_5887104050,N_7368517580,Othr,ELEM,,,000,0000,,,999,N_7988996840,N_0305533160,
PAYM,CGI_XML_CT_V9,N_5898097040,N_5749715530,PrvcOfBirth,ELEM,,,000,0000,,FI_CGI_DMEE_EXIT_W_BADI,999,N_7828490500,,
PAYM,CGI_XML_CT_V9,N_5900076080,N_5166812020,AdrLine,ELEM,,,000,0070,CL       X,FI_CGI_DMEE_EXIT_W_BADI,999,,,
PAYM,CGI_XML_CT_V9,N_5904602850,N_5064979580,TtlTaxblBaseAmt,ELEM,,,000,0000,,FI_CGI_DMEE_EXIT_W_BADI,999,N_0945185490,N_5676304150,
PAYM,CGI_XML_CT_V9,N_5941131490,N_5207120400,-Ccy,TECH,,,000,0000,,FI_CGI_DMEE_EXIT_W_BADI,999,N_4090082790,,-CCY
PAYM,CGI_XML_CT_V9,N_5952467590,N_6957107710,ChanlTp,ELEM,,,000,0004,,FI_CGI_DMEE_EXIT_W_BADI,999,N_7020968260,,CHNLTP4
PAYM,CGI_XML_CT_V9,N_5957500630,N_6582554760,PrvtId,ELEM,,,000,0000,,,999,,N_5749715530,
PAYM,CGI_XML_CT_V9,N_5958245800,N_5166812020,Ctry,ELEM,,,000,0002,CL       X,FI_CGI_DMEE_EXIT_W_BADI,999,N_5900076080,,
PAYM,CGI_XML_CT_V9,N_5979192610,N_0287089780,CdtDbtInd,ELEM,,,000,0000,,FI_CGI_DMEE_EXIT_W_BADI,999,N_5641744790,,
PAYM,CGI_XML_CT_V9,N_5990058830,N_2089048150,Nb,ELEM,,,000,0000,CL       X,FI_CGI_DMEE_EXIT_W_BADI,999,N_6948597560,,
PAYM,CGI_XML_CT_V9,N_5997260160,N_2170156590,Cd,ELEM,,,000,0000,,FI_CGI_DMEE_EXIT_W_BADI,999,,,
PAYM,CGI_XML_CT_V9,N_6054747370,N_5163414480,-CdtrRefInf,TECH,,,000,0000,,FI_CGI_DMEE_EXIT_W_BADI,999,N_0552596500,,-CDTRREFINF
PAYM,CGI_XML_CT_V9,N_6055967820,N_3346275370,-ChqMtrtyDt,TECH,,,000,0000,,FI_CGI_DMEE_EXIT_W_BADI,999,N_2689587420,,-CHQMTRTYDT
PAYM,CGI_XML_CT_V9,N_6056467140,N_8275352230,Ctry,ELEM,FPAYP,LANDL,000,0000,,FI_CGI_DMEE_EXIT_W_BADI,999,,,
PAYM,CGI_XML_CT_V9,N_6078887990,N_2303350700,Prtry,ELEM,,,000,0000,,FI_CGI_DMEE_EXIT_W_BADI,999,,,
PAYM,CGI_XML_CT_V9,N_6079209990,N_6294588020,Dt2,TECH,,,000,0000,,FI_CGI_DMEE_EXIT_W_BADI,999,N_6911183390,,RGLRPTGDT2
PAYM,CGI_XML_CT_V9,N_6123792920,N_6210260290,-CtryOfRes,TECH,,,000,0000,,FI_CGI_DMEE_EXIT_W_BADI,999,N_7386856450,,-CTRYOFRES
PAYM,CGI_XML_CT_V9,N_6139351280,N_8311560080,AdrLine,ELEM,,,000,0000,CL       X,,999,N_4479927170,,
PAYM,CGI_XML_CT_V9,N_6152210270,N_4689323380,Id,ELEM,,,000,0000,,FI_CGI_DMEE_EXIT_W_BADI,999,N_9903102900,,
PAYM,CGI_XML_CT_V9,N_6177328380,N_1139283400,-UltmtCdtr,TECH,,,000,0000,,FI_CGI_DMEE_EXIT_W_BADI,999,N_0377008530,,-ULTMTCDTR
PAYM,CGI_XML_CT_V9,N_6201892920,N_3842760480,Othr,ELEM,,,000,0000,,,999,N_0952366330,N_3595021980,
PAYM,CGI_XML_CT_V9,N_6202339700,N_8681835380,Id,ELEM,,,000,0000,,FI_CGI_DMEE_EXIT_W_BADI,999,,,
PAYM,CGI_XML_CT_V9,N_6210260290,N_3816618790,Dbtr,ELEM,,,000,0000,,,999,N_5207120400,N_6727225760,
PAYM,CGI_XML_CT_V9,N_6233706030,N_6294588020,Cd,ELEM,,,000,0000,,FI_CGI_DMEE_EXIT_W_BADI,999,N_4649341260,,
PAYM,CGI_XML_CT_V9,N_6259365580,N_1235564610,DscntApldAmt,ELEM,FPAYHX,WAERS,000,0015,AL.=,FI_CGI_DMEE_EXIT_W_BADI,999,N_3269530390,N_1562432500,
PAYM,CGI_XML_CT_V9,N_6263856470,N_5163414480,Invcee,ELEM,,,000,0000,,,999,N_5471809290,N_3803888090,
PAYM,CGI_XML_CT_V9,N_6294588020,N_0330017550,Dtls,ELEM,,,000,0000,,,999,,N_2068213470,
PAYM,CGI_XML_CT_V9,N_6296398090,N_0653427090,InstrPrty,ELEM,FPAYHX,DTURG,000,0000,,FI_CGI_DMEE_EXIT_W_BADI,999,N_3887555070,,
PAYM,CGI_XML_CT_V9,N_6298847140,N_8311560080,SubDept,ELEM,,,000,0000,CL       X,FI_CGI_DMEE_EXIT_W_BADI,999,N_8711074510,,
PAYM,CGI_XML_CT_V9,N_6300363380,N_7368517580,Othr,ELEM,,,000,0000,,,999,N_0755367040,N_4242919690,
PAYM,CGI_XML_CT_V9,N_6304594040,N_8311560080,-PstlAdr_More_Nodes_Cdtr,TECH,,,000,0000,,FI_CGI_DMEE_EXIT_W_BADI,999,N_5483073050,,-PSTLADRMOR2
PAYM,CGI_XML_CT_V9,N_6313994640,N_1160789980,PstCd,ELEM,,,000,0010,CL       X,FI_CGI_DMEE_EXIT_W_BADI,999,N_8152860500,,
PAYM,CGI_XML_CT_V9,N_6322176040,N_4328841910,BrnchId,ELEM,,,000,0000,,,999,,N_8769020030,
PAYM,CGI_XML_CT_V9,N_6333289920,N_0552596500,Ref,ELEM,,,000,0000,CL       X,FI_CGI_DMEE_EXIT_W_BADI,999,,,
PAYM,CGI_XML_CT_V9,N_6343498930,N_3887555070,Cd,ELEM,,,000,0004,,FI_CGI_DMEE_EXIT_W_BADI,999,N_3820758340,,
PAYM,CGI_XML_CT_V9,N_6373861330,N_8824498030,SubDept,ELEM,,,000,0000,CL RP    X,FI_CGI_DMEE_EXIT_W_BADI,999,N_7241032040,,
PAYM,CGI_XML_CT_V9,N_6379988510,N_6931641140,Id,ELEM,,,000,0000,,FI_CGI_DMEE_EXIT_W_BADI,999,N_9606565700,,
PAYM,CGI_XML_CT_V9,N_6394567820,N_0552596500,Tp,ELEM,,,000,0000,,,999,N_6333289920,N_0808556820,
PAYM,CGI_XML_CT_V9,N_6406447170,N_6582554760,OrgId,ELEM,,,000,0000,,,999,N_4775797650,N_0300225030,
PAYM,CGI_XML_CT_V9,N_6413794690,N_1139283400,-IntrmyAgt1,TECH,,,000,0000,,FI_CGI_DMEE_EXIT_W_BADI,999,N_4795854920,,-INTRMYAGT1
PAYM,CGI_XML_CT_V9,N_6425232200,N_3077368890,Ref,ELEM,,,000,0000,,,999,,,
PAYM,CGI_XML_CT_V9,N_6425987870,N_9044983380,Cd,ELEM,,,000,0004,,FI_CGI_DMEE_EXIT_W_BADI,999,N_5409072530,,
PAYM,CGI_XML_CT_V9,N_6443733430,N_8457622390,Id,ELEM,FPAYH,ZBRCH,000,0035,CL       X,FI_CGI_DMEE_EXIT_W_BADI,999,,,
PAYM,CGI_XML_CT_V9,N_6458033650,N_8957263060,AddtlRmtInf,ELEM,FPAYP,SGTXT,000,0000,CL       X,FI_CGI_DMEE_EXIT_W_BADI,999,,,
PAYM,CGI_XML_CT_V9,N_6461870330,N_7407754150,CertId,ELEM,,,000,0000,,FI_CGI_DMEE_EXIT_W_BADI,999,N_0334948600,,
PAYM,CGI_XML_CT_V9,N_6461922040,N_7978288280,AdrLine,ELEM,FPAYHX,UBSTR,000,0070,CL RP    X,,999,N_3814726690,,
PAYM,CGI_XML_CT_V9,N_6466039970,N_5605414550,Othr,ELEM,,,000,0000,,,999,,N_0955773720,
PAYM,CGI_XML_CT_V9,N_6479664540,N_4981086760,-Id,TECH,,,000,0000,,FI_CGI_DMEE_EXIT_W_BADI,999,N_7902605600,,-ULTMTDBTRID
PAYM,CGI_XML_CT_V9,N_6481464420,N_1235564610,-RmtdAmt,TECH,,,000,0000,,FI_CGI_DMEE_EXIT_W_BADI,999,N_9036709680,,-RMTDAMT
PAYM,CGI_XML_CT_V9,N_6492216510,N_2689587420,-,ATOM,,,000,0001,CL,,999,N_2662885070,,
PAYM,CGI_XML_CT_V9,N_6538387030,N_7887534710,Inf,ELEM,,,000,0035,CL       X,FI_CGI_DMEE_EXIT_W_BADI,999,,,
PAYM,CGI_XML_CT_V9,N_6551638790,N_7369527230,Nm,ELEM,,,000,0140,CL       X,FI_CGI_DMEE_EXIT_W_BADI,999,N_1841606350,,
PAYM,CGI_XML_CT_V9,N_6569931480,N_0631440390,PAYD2,ATOM,DMEE_PAYD,TEXT,000,0035,,,999,N_2958009600,,E2E
PAYM,CGI_XML_CT_V9,N_6582554760,N_3738885180,Id,ELEM,,,000,0000,,,999,N_3463355640,N_2517145460,
PAYM,CGI_XML_CT_V9,N_6604713370,N_8824498030,Ctry,ELEM,FPAYP,BLAND,000,0000,CL RP    X,,999,N_3813831110,,
PAYM,CGI_XML_CT_V9,N_6620186670,N_3842760480,Othr,ELEM,,,000,0000,,,999,N_5590447100,N_5182904290,
PAYM,CGI_XML_CT_V9,N_6639832530,N_8770102090,Id,ELEM,,,000,0000,,FI_CGI_DMEE_EXIT_W_BADI,999,,,
PAYM,CGI_XML_CT_V9,N_6649900160,N_7014947170,Ref,ELEM,,,000,0000,,,999,,,
PAYM,CGI_XML_CT_V9,N_6661521010,N_5207120400,Nm,ELEM,,,000,0000,,FI_CGI_DMEE_EXIT_W_BADI,999,N_9200760290,,
PAYM,CGI_XML_CT_V9,N_6668013900,N_2895255990,Nm,ELEM,,,000,0000,,FI_CGI_DMEE_EXIT_W_BADI,999,,,
PAYM,CGI_XML_CT_V9,N_6680752060,N_3861362410,FrToDt,ELEM,,,000,0000,,,999,,N_1294227340,
PAYM,CGI_XML_CT_V9,N_6682404030,N_0808556820,Cd,ELEM,,,000,0004,,FI_CGI_DMEE_EXIT_W_BADI,999,N_2473191980,,
PAYM,CGI_XML_CT_V9,N_6690387510,N_1139283400,RgltryRptg,ELEM,,,000,0000,,,999,N_9984997710,N_9769136460,
PAYM,CGI_XML_CT_V9,N_6720653350,N_1139283400,-RgltryRptg,TECH,,,000,0000,,FI_CGI_DMEE_EXIT_W_BADI,999,N_6690387510,,-RGLTRYRPTG
PAYM,CGI_XML_CT_V9,N_6727225760,N_6210260290,Nm,ELEM,,,000,0070,CL       X,FI_CGI_DMEE_EXIT_W_BADI,999,N_9020685600,,
PAYM,CGI_XML_CT_V9,N_6734201450,N_1139283400,-CdtrAgt,TECH,,,000,0000,,FI_CGI_DMEE_EXIT_W_BADI,999,N_8491121660,,-CDTRAGT
PAYM,CGI_XML_CT_V9,N_6744396870,N_5163414480,-Invcr,TECH,,,000,0000,,FI_CGI_DMEE_EXIT_W_BADI,999,N_4653624170,,-INVCR
PAYM,CGI_XML_CT_V9,N_6769620420,N_5383824460,InstrId,ELEM,,,000,0000,CL       X,FI_CGI_DMEE_EXIT_W_BADI,999,N_2223569370,,
PAYM,CGI_XML_CT_V9,N_6776022470,N_0547606300,SchmeNm,ELEM,,,000,0000,,,999,,N_3087852160,
PAYM,CGI_XML_CT_V9,N_6779051850,N_7978288280,Ctry,ELEM,FPAYHX,UBISO,000,0000,,,999,N_6968343150,,
PAYM,CGI_XML_CT_V9,N_6843833700,N_5721093950,Cd,ELEM,,,000,0000,,FI_CGI_DMEE_EXIT_W_BADI,999,,,
PAYM,CGI_XML_CT_V9,N_6851675060,N_3842760480,-Othr7,TECH,,,000,0000,,FI_CGI_DMEE_EXIT_W_BADI,999,N_5498165460,,-DBTROTHR7
PAYM,CGI_XML_CT_V9,N_6852874840,N_5001810570,Cd,ELEM,,,000,0004,,FI_CGI_DMEE_EXIT_W_BADI,999,N_5035180610,,
PAYM,CGI_XML_CT_V9,N_6852924570,N_7407754150,AddtlInf,ELEM,,,000,0000,,,999,,N_8675857150,
PAYM,CGI_XML_CT_V9,N_6882783600,N_5752579380,Para,ATOM,FPM_CGI,XSI,000,0070,,,999,,,
PAYM,CGI_XML_CT_V9,N_6911183390,N_6294588020,Dt,ELEM,,,000,0000,,FI_CGI_DMEE_EXIT_W_BADI,999,N_9552755190,,
PAYM,CGI_XML_CT_V9,N_6911918850,N_8824498030,PstCd,ELEM,FPAYP,REF01,080,0010,CL RP    X,,999,N_9049844490,,
PAYM,CGI_XML_CT_V9,N_6931641140,N_4409502400,Othr,ELEM,,,000,0000,,,999,,N_6379988510,
PAYM,CGI_XML_CT_V9,N_6948597560,N_2089048150,-RltdDt,TECH,,,000,0000,,FI_CGI_DMEE_EXIT_W_BADI,999,N_7564177700,,-RLTDDT
PAYM,CGI_XML_CT_V9,N_6957107710,N_7368517580,Othr,ELEM,,,000,0000,,,999,,N_5952467590,
PAYM,CGI_XML_CT_V9,N_6963714000,N_3697641060,Prtry,ELEM,,,000,0035,,FI_CGI_DMEE_EXIT_W_BADI,999,,,
PAYM,CGI_XML_CT_V9,N_6968343150,N_7978288280,AdrLine1,TECH,,,000,0000,CL       X,FI_CGI_DMEE_EXIT_W_BADI,999,N_6461922040,,DBADRLINE1
PAYM,CGI_XML_CT_V9,N_6995550560,N_4360444640,Ustrd,ELEM,DMEE_PAYD,TEXT,000,0140,CL       X,FI_CGI_DMEE_EXIT_W_BADI,999,N_7547569250,,
PAYM,CGI_XML_CT_V9,N_6995850210,N_1602061050,InstrInf,ELEM,FPAYP,SGTXT,000,0000,,,999,,,
PAYM,CGI_XML_CT_V9,N_7003568530,N_0631440390,NOTPROVIDED,ATOM,,,000,0012,,,999,,,
PAYM,CGI_XML_CT_V9,N_7006370490,N_2375997480,Yr,ELEM,,,000,0000,,FI_CGI_DMEE_EXIT_W_BADI,999,N_5739748770,,
PAYM,CGI_XML_CT_V9,N_7014947170,N_5581150580,CdtrRefInf,ELEM,,,000,0000,,,999,,N_2959044440,
PAYM,CGI_XML_CT_V9,N_7020968260,N_6957107710,Id,ELEM,,,000,0128,,FI_CGI_DMEE_EXIT_W_BADI,999,,,ID4
PAYM,CGI_XML_CT_V9,N_7025030710,N_3816618790,DbtrAgt,ELEM,,,000,0000,,,999,N_5181352440,N_1591612430,
PAYM,CGI_XML_CT_V9,N_7044805160,N_0457922850,SchmeNm,ELEM,,,000,0000,,,999,,N_2431307040,
PAYM,CGI_XML_CT_V9,N_7102157750,N_5392001640,Id,ELEM,,,000,0000,,,999,N_4163092720,N_2317991840,
PAYM,CGI_XML_CT_V9,N_7110423850,N_2689587420,DD,ATOM,FPAYH,VALUT,006,0002,CL,,999,,,
PAYM,CGI_XML_CT_V9,N_7132341240,N_3043492130,-CtgyPurp,TECH,,,000,0000,,FI_CGI_DMEE_EXIT_W_BADI,999,N_3697641060,,-CTGYPURP
PAYM,CGI_XML_CT_V9,N_7139909510,N_0693479130,AdrLine1,TECH,,,000,0000,CL       X,FI_CGI_DMEE_EXIT_W_BADI,999,N_3049746840,,CAADRLINE1
PAYM,CGI_XML_CT_V9,N_7164984980,N_1139283400,-PmtTpInf,TECH,,,000,0000,,FI_CGI_DMEE_EXIT_W_BADI,999,N_0653427090,,-PMTTPINF1
PAYM,CGI_XML_CT_V9,N_7241032040,N_8824498030,StrtNm,ELEM,FPAYP,REF01,000,0060,CL RP    X,,999,N_8697150300,,
PAYM,CGI_XML_CT_V9,N_7279926340,N_5389181150,Nm,ELEM,,,000,0000,CL RP,FI_CGI_DMEE_EXIT_W_BADI,999,,,
PAYM,CGI_XML_CT_V9,N_7297798890,N_3738885180,CtctDtls,ELEM,,,000,0000,,,999,,N_9162542210,
PAYM,CGI_XML_CT_V9,N_7300165790,N_8491121660,-BrnchId,TECH,,,000,0000,,FI_CGI_DMEE_EXIT_W_BADI,999,N_8457622390,,-CDAGBRNCHID
PAYM,CGI_XML_CT_V9,N_7319324940,N_2652175830,Ctry,ELEM,FPAYP,LANDL,000,0000,,FI_CGI_DMEE_EXIT_W_BADI,999,,,
PAYM,CGI_XML_CT_V9,N_7344447060,N_0831273940,ToDt,ELEM,,,000,0000,,FI_CGI_DMEE_EXIT_W_BADI,999,,,
PAYM,CGI_XML_CT_V9,N_7360013980,N_7368517580,-Othr3,TECH,,,000,0000,,FI_CGI_DMEE_EXIT_W_BADI,999,N_6300363380,,OTHR3
PAYM,CGI_XML_CT_V9,N_7368517580,N_1498466520,CtctDtls,ELEM,,,000,0000,,,999,,N_8600929200,
PAYM,CGI_XML_CT_V9,N_7369527230,N_3829478300,RmtLctnPstlAdr,ELEM,,,000,0000,,,999,,N_6551638790,
PAYM,CGI_XML_CT_V9,N_7386856450,N_6210260290,CtryOfRes,ELEM,FPAYHX,LAND1,000,0000,CL RP    X,,999,N_2825111010,,
PAYM,CGI_XML_CT_V9,N_7390709130,N_0132006970,Id,ELEM,,,000,0000,,,999,N_2114725670,N_0633998830,
PAYM,CGI_XML_CT_V9,N_7407754150,N_5064979580,Rcrd,ELEM,,,000,0000,,,999,,N_9261249090,
PAYM,CGI_XML_CT_V9,N_7469163780,N_9874109890,GrpHdr,ELEM,,,000,0000,,,999,N_3816618790,N_2191345180,
PAYM,CGI_XML_CT_V9,N_7469863800,N_1841606350,Ctry,ELEM,,,000,0000,,FI_CGI_DMEE_EXIT_W_BADI,999,N_9303344100,,
PAYM,CGI_XML_CT_V9,N_7475926960,N_7368517580,Othr,ELEM,,,000,0000,,,999,N_7360013980,N_2371290860,
PAYM,CGI_XML_CT_V9,N_7476758140,N_3816618790,NbOfTxs,ELEM,,,000,0008,CL   R0,,999,N_3299401480,,TX2
PAYM,CGI_XML_CT_V9,N_7496220820,N_1160789980,AdrLine,ELEM,FPAYHX,AUST3,000,0000,CL       X,,999,N_3156850640,,
PAYM,CGI_XML_CT_V9,N_7508489100,N_4981086760,-PstlAdr,TECH,,,000,0000,,FI_CGI_DMEE_EXIT_W_BADI,999,N_8824498030,,-PSTLADR1
PAYM,CGI_XML_CT_V9,N_7522067540,N_5831535930,ClrSysMmbId,ELEM,,,000,0000,,,999,N_1676766900,N_2666998660,
PAYM,CGI_XML_CT_V9,N_7522397310,N_4634017880,AdrLine,ELEM,,,000,0000,CL       X,FI_CGI_DMEE_EXIT_W_BADI,999,,,
PAYM,CGI_XML_CT_V9,N_7527198390,N_1591612430,-PstlAdr,TECH,,,000,0000,,FI_CGI_DMEE_EXIT_W_BADI,999,N_7978288280,,-PSTLADR
PAYM,CGI_XML_CT_V9,N_7527530420,N_0698467000,Prtry,ELEM,,,000,0000,,FI_CGI_DMEE_EXIT_W_BADI,999,N_0324114080,,
PAYM,CGI_XML_CT_V9,N_7540415010,N_1841606350,CtrySubDvsn,ELEM,,,000,0000,,FI_CGI_DMEE_EXIT_W_BADI,999,N_7469863800,,
PAYM,CGI_XML_CT_V9,N_7541094900,N_8824498030,-PstlAdr_More_Nodes_UltmtDbtr,TECH,,,000,0000,,FI_CGI_DMEE_EXIT_W_BADI,999,N_3227684200,,-PSTLADRMOR1
PAYM,CGI_XML_CT_V9,N_7546600190,N_1984035110,Id,ELEM,FPAYH,BKREF,000,0000,,FI_CGI_DMEE_EXIT_W_BADI,999,,,
PAYM,CGI_XML_CT_V9,N_7547569250,N_4360444640,-StrdLevel3,TECH,,,000,0000,,FI_CGI_DMEE_EXIT_W_BADI,999,N_8957263060,,-STRD_LEV_3
PAYM,CGI_XML_CT_V9,N_7564177700,N_2089048150,RltdDt,ELEM,,,000,0010,,FI_CGI_DMEE_EXIT_W_BADI,999,,,
PAYM,CGI_XML_CT_V9,N_7570850870,N_8755405880,Id,ELEM,,,000,0000,,FI_CGI_DMEE_EXIT_W_BADI,999,N_5834095640,,
PAYM,CGI_XML_CT_V9,N_7615991880,N_2480016880,Ccy,XMAT,FPAYHX,HWISO,000,0000,,,999,,,
PAYM,CGI_XML_CT_V9,N_7617288350,N_5064979580,RefNb,ELEM,FPAYP,XBLNR,000,0000,CL       X,,999,N_1122656490,,
PAYM,CGI_XML_CT_V9,N_7674606100,N_8337240420,Cd,ELEM,,,000,0000,,FI_CGI_DMEE_EXIT_W_BADI,999,,,
PAYM,CGI_XML_CT_V9,N_7678557910,N_3346275370,ChqTp,ELEM,,,000,0000,,FI_CGI_DMEE_EXIT_W_BADI,999,N_4625526530,,
PAYM,CGI_XML_CT_V9,N_7714204990,N_1139283400,-InstrForCdtrAgtUETR,TECH,,,000,0000,,FI_CGI_DMEE_EXIT_W_BADI,999,N_3709300380,,-INSTRCDUETR
PAYM,CGI_XML_CT_V9,N_7718923500,N_3829478300,RmtId,ELEM,,,000,0000,,FI_CGI_DMEE_EXIT_W_BADI,999,N_1269645740,,
PAYM,CGI_XML_CT_V9,N_7781657730,N_1139283400,-ChqInstr,TECH,,,000,0000,,FI_CGI_DMEE_EXIT_W_BADI,999,N_3346275370,,-CHQINSTR
PAYM,CGI_XML_CT_V9,N_7805026370,N_2303350700,Cd,ELEM,FPAYHX,REF07,110,0005,,FI_CGI_DMEE_EXIT_W_BADI,999,N_6078887990,,
PAYM,CGI_XML_CT_V9,N_7816488270,N_3816618790,-NbOfTxs,TECH,,,000,0000,,FI_CGI_DMEE_EXIT_W_BADI,999,N_7476758140,,-NBOFTXS
PAYM,CGI_XML_CT_V9,N_7828490500,N_5749715530,CityOfBirth,ELEM,,,000,0000,,FI_CGI_DMEE_EXIT_W_BADI,999,N_5238599170,,
PAYM,CGI_XML_CT_V9,N_7836921940,N_7956610410,Ccy,XMAT,FPAYHX,WAERS,000,0000,,,999,,,
PAYM,CGI_XML_CT_V9,N_7844594670,N_9424196450,Prtry,ELEM,,,000,0000,,FI_CGI_DMEE_EXIT_W_BADI,999,N_9065133130,,
PAYM,CGI_XML_CT_V9,N_7847061200,N_1139283400,-Tax,TECH,,,000,0000,,FI_CGI_DMEE_EXIT_W_BADI,999,N_5064979580,,-TAX
PAYM,CGI_XML_CT_V9,N_7848207940,N_3043492130,LclInstrm,ELEM,,,000,0000,,,999,N_7132341240,N_2242185920,
PAYM,CGI_XML_CT_V9,N_7887534710,N_6690387510,Dtls,ELEM,,,000,0000,,,999,,N_8973117910,
PAYM,CGI_XML_CT_V9,N_7887958710,N_0079165060,Id,ELEM,,,000,0035,,FI_CGI_DMEE_EXIT_W_BADI,999,,,
PAYM,CGI_XML_CT_V9,N_7902605600,N_4981086760,Id,ELEM,,,000,0000,,,999,N_7508489100,N_3259090940,
PAYM,CGI_XML_CT_V9,N_7905708490,N_2753568390,Cd,ELEM,,,000,0000,,FI_CGI_DMEE_EXIT_W_BADI,999,N_2086830710,,
PAYM,CGI_XML_CT_V9,N_7910426120,N_3842760480,Othr,ELEM,,,000,0000,,,999,N_8043954810,N_9587944480,
PAYM,CGI_XML_CT_V9,N_7911220900,N_4360444640,Strd,ELEM,,,000,0000,,,999,N_4552163620,N_3077368890,
PAYM,CGI_XML_CT_V9,N_7942616070,N_9874109890,PmtTrailer,TECH,,,000,0000,,FI_CGI_DMEE_EXIT_W_BADI,999,,,
PAYM,CGI_XML_CT_V9,N_7956610410,N_1235564610,DuePyblAmt,ELEM,FPAYHX,WAERS,000,0015,AL.=,FI_CGI_DMEE_EXIT_W_BADI,999,N_2683114060,N_7836921940,
PAYM,CGI_XML_CT_V9,N_7978288280,N_1591612430,PstlAdr,ELEM,,,000,0000,,,999,N_8681835380,N_6779051850,
PAYM,CGI_XML_CT_V9,N_7981490550,N_1716940280,-,ATOM,,,000,0001,CL,,999,N_2294947980,,
PAYM,CGI_XML_CT_V9,N_7988996840,N_7368517580,-Othr2,TECH,,,000,0000,,FI_CGI_DMEE_EXIT_W_BADI,999,N_7475926960,,OTHR2
PAYM,CGI_XML_CT_V9,N_8022520680,N_4795854920,BrnchId,ELEM,,,000,0000,,,999,,N_3663938640,
PAYM,CGI_XML_CT_V9,N_8043954810,N_3842760480,-Othr4,TECH,,,000,0000,,FI_CGI_DMEE_EXIT_W_BADI,999,N_6201892920,,-DBTROTHR4
PAYM,CGI_XML_CT_V9,N_8057347450,N_1841606350,TwnNm,ELEM,,,000,0000,,FI_CGI_DMEE_EXIT_W_BADI,999,N_7540415010,,
PAYM,CGI_XML_CT_V9,N_8089003480,N_1676766900,Ctry,ELEM,FPAYH,BNKS1,000,0000,,,999,,,
PAYM,CGI_XML_CT_V9,N_8103051420,N_2962395400,Issr,ELEM,,,000,0000,,FI_CGI_DMEE_EXIT_W_BADI,999,,,
PAYM,CGI_XML_CT_V9,N_8127716780,N_1160789980,SubDept,ELEM,,,000,0000,CL       X,FI_CGI_DMEE_EXIT_W_BADI,999,N_3466207710,,
PAYM,CGI_XML_CT_V9,N_8152860500,N_1160789980,TwnNm,ELEM,,,000,0000,CL       X,FI_CGI_DMEE_EXIT_W_BADI,999,N_5664097610,,
PAYM,CGI_XML_CT_V9,N_8190227710,N_5064979580,Cdtr,ELEM,,,000,0000,,,999,N_4082185680,N_0514307750,
PAYM,CGI_XML_CT_V9,N_8198922950,N_5831535930,BICFI,ELEM,FPAYH,BSWIFT1,000,0000,,,999,N_5713102660,,
PAYM,CGI_XML_CT_V9,N_8210927030,N_4634017880,StrtNm,ELEM,,,000,0000,CL       X,FI_CGI_DMEE_EXIT_W_BADI,999,N_3599361390,,
PAYM,CGI_XML_CT_V9,N_8218320160,N_5649723900,xsi:schemaLocation,XMAT,FPM_CGI,SCHEMALOCATION,000,0000,,,999,N_9874109890,N_1164378990,
PAYM,CGI_XML_CT_V9,N_8236548390,N_5163414480,AddtlRmtInf,ELEM,FPAYP,SGTXT,000,0000,CL       X,FI_CGI_DMEE_EXIT_W_BADI,999,,,
PAYM,CGI_XML_CT_V9,N_8251018140,N_7910426120,SchmeNm,ELEM,,,000,0000,,,999,,N_1771370010,
PAYM,CGI_XML_CT_V9,N_8252645770,N_7297798890,EmailAdr,ELEM,,,000,0000,CL       X,FI_CGI_DMEE_EXIT_W_BADI,999,N_0630204710,,
PAYM,CGI_XML_CT_V9,N_8275352230,N_0330017550,Authrty,ELEM,,,000,0000,,,999,N_6294588020,N_9479949700,
PAYM,CGI_XML_CT_V9,N_8291806270,N_3868713570,Ccy,XMAT,FPAYHX,HWISO,000,0000,,,999,,,
PAYM,CGI_XML_CT_V9,N_8293432990,N_6394567820,Issr,ELEM,,,000,0000,CL       X,FI_CGI_DMEE_EXIT_W_BADI,999,,,
PAYM,CGI_XML_CT_V9,N_8295300910,N_1498466520,Nm,ELEM,FPAYHX,NAMEZ,000,0000,CLURP    X,FI_CGI_DMEE_EXIT_W_BADI,999,N_2045777210,,
PAYM,CGI_XML_CT_V9,N_8311560080,N_3738885180,PstlAdr,ELEM,,,000,0000,,,999,N_9585690900,N_6304594040,
PAYM,CGI_XML_CT_V9,N_8333372800,N_1139283400,InstrForDbtrAgt,ELEM,,,000,0000,,FI_CGI_DMEE_EXIT_W_BADI,999,N_4322007760,,
PAYM,CGI_XML_CT_V9,N_8337240420,N_8381033730,SchmeNm,ELEM,,,000,0000,,,999,,N_4616835930,
PAYM,CGI_XML_CT_V9,N_8381033730,N_3842760480,Othr,ELEM,,,000,0000,,,999,N_4582813190,N_1950169200,
PAYM,CGI_XML_CT_V9,N_8391136070,N_2067850270,ISO,ATOM,,,000,0070,,FI_CGI_DMEE_EXIT_W_BADI,999,N_1847754900,,XMLNSV9
PAYM,CGI_XML_CT_V9,N_8396521710,N_4915621020,Dt,ELEM,,,000,0010,,FI_CGI_DMEE_EXIT_W_BADI,999,,,
PAYM,CGI_XML_CT_V9,N_8407690210,N_5166812020,CtrySubDvsn,ELEM,,,000,0035,CL       X,FI_CGI_DMEE_EXIT_W_BADI,999,N_5958245800,,
PAYM,CGI_XML_CT_V9,N_8427621730,N_3829478300,RmtLctnElctrncAdr,ELEM,,,000,0000,,FI_CGI_DMEE_EXIT_W_BADI,999,N_7369527230,,
PAYM,CGI_XML_CT_V9,N_8441785890,N_5383824460,EndToEndId_Exit,TECH,,,000,0000,,FI_CGI_DMEE_EXIT_W_BADI,999,N_0631440390,,ENDTOENDID_E
PAYM,CGI_XML_CT_V9,N_8457622390,N_8491121660,BrnchId,ELEM,,,000,0000,,,999,,N_6443733430,
PAYM,CGI_XML_CT_V9,N_8491121660,N_1139283400,CdtrAgt,ELEM,,,000,0000,,,999,N_9703321850,N_0978274660,
PAYM,CGI_XML_CT_V9,N_8573923400,N_6201892920,SchmeNm,ELEM,,,000,0000,,,999,,N_3618407930,
PAYM,CGI_XML_CT_V9,N_8587455300,N_7469163780,FwdgAgt,TECH,,,000,0000,,FI_CGI_DMEE_EXIT_W_BADI,999,N_4328841910,,FWDGAGT
PAYM,CGI_XML_CT_V9,N_8587711960,N_1139283400,-InstrForCdtrAgt,TECH,,,000,0000,,FI_CGI_DMEE_EXIT_W_BADI,999,N_1602061050,,-INSTRFORCD
PAYM,CGI_XML_CT_V9,N_8600929200,N_7368517580,Nm,ELEM,,,000,0000,,FI_CGI_DMEE_EXIT_W_BADI,999,N_1135474770,,
PAYM,CGI_XML_CT_V9,N_8603029260,N_0367432920,Cd,ELEM,,,000,0000,,,999,N_2471471500,,
PAYM,CGI_XML_CT_V9,N_8630803100,N_7407754150,TaxAmt,ELEM,,,000,0000,,,999,N_6852924570,N_1678763760,
PAYM,CGI_XML_CT_V9,N_8635114420,N_3346275370,FrmsCd,ELEM,,,000,0000,,FI_CGI_DMEE_EXIT_W_BADI,999,N_1835092810,,
PAYM,CGI_XML_CT_V9,N_8660258880,N_8190227710,TaxTp,ELEM,,,000,0000,,FI_CGI_DMEE_EXIT_W_BADI,999,,,
PAYM,CGI_XML_CT_V9,N_8664365440,N_3842760480,-Othr6,TECH,,,000,0000,,FI_CGI_DMEE_EXIT_W_BADI,999,N_0457922850,,-DBTROTHR6
PAYM,CGI_XML_CT_V9,N_8665652000,N_0457922850,Id,ELEM,,,000,0000,,FI_CGI_DMEE_EXIT_W_BADI,999,N_7044805160,,
PAYM,CGI_XML_CT_V9,N_8675857150,N_6852924570,Dtls,ELEM,,,000,0000,,,999,,N_3861362410,
PAYM,CGI_XML_CT_V9,N_8681835380,N_1591612430,Othr,ELEM,,,000,0000,,,999,,N_6202339700,
PAYM,CGI_XML_CT_V9,N_8697150300,N_8824498030,BldgNb,ELEM,FPAYP,REF01,100,0010,CL RP    X,,999,N_6911918850,,
PAYM,CGI_XML_CT_V9,N_8711074510,N_8311560080,StrtNm,ELEM,,,000,0000,CL       X,FI_CGI_DMEE_EXIT_W_BADI,999,N_4025073060,,
PAYM,CGI_XML_CT_V9,N_8721337940,N_3709300380,InstrInf,ELEM,,,000,0000,,FI_CGI_DMEE_EXIT_W_BADI,999,,,
PAYM,CGI_XML_CT_V9,N_8727890210,N_9903102900,Prtry,ELEM,,,000,0000,,FI_CGI_DMEE_EXIT_W_BADI,999,N_5738631030,,
PAYM,CGI_XML_CT_V9,N_8755405880,N_7390709130,Othr,ELEM,,,000,0000,,,999,,N_7570850870,
PAYM,CGI_XML_CT_V9,N_8769020030,N_6322176040,Nm,ELEM,,,000,0000,CL RP,FI_CGI_DMEE_EXIT_W_BADI,999,,,
PAYM,CGI_XML_CT_V9,N_8770102090,N_2161019450,Othr,ELEM,,,000,0000,,,999,,N_6639832530,
PAYM,CGI_XML_CT_V9,N_8790436200,N_5166812020,BldgNb,ELEM,,,000,0016,CL       X,FI_CGI_DMEE_EXIT_W_BADI,999,N_5146436490,,
PAYM,CGI_XML_CT_V9,N_8815323990,N_8755405880,Issr,ELEM,,,000,0000,,FI_CGI_DMEE_EXIT_W_BADI,999,,,
PAYM,CGI_XML_CT_V9,N_8824498030,N_4981086760,PstlAdr,ELEM,,,000,0000,,,999,N_4647535410,N_7541094900,
PAYM,CGI_XML_CT_V9,N_8854630420,N_0200425770,Nm,ELEM,,,000,0070,CL RP    X,FI_CGI_DMEE_EXIT_W_BADI,999,N_5481550650,,
PAYM,CGI_XML_CT_V9,N_8881495060,N_0653427090,-CtgyPurp,TECH,,,000,0000,,FI_CGI_DMEE_EXIT_W_BADI,999,N_3498213760,,-CTGYPURP2
PAYM,CGI_XML_CT_V9,N_8884202650,N_1841606350,BldgNb,ELEM,,,000,0000,,FI_CGI_DMEE_EXIT_W_BADI,999,N_5721877200,,
PAYM,CGI_XML_CT_V9,N_8907800630,N_4163092720,Prtry,ELEM,,,000,0000,,FI_CGI_DMEE_EXIT_W_BADI,999,,,
PAYM,CGI_XML_CT_V9,N_8916026460,N_1160789980,AdrLine1,TECH,,,000,0000,CL       X,FI_CGI_DMEE_EXIT_W_BADI,999,N_7496220820,,ADRLINE1
PAYM,CGI_XML_CT_V9,N_8930323890,N_3365164420,CdtrRefInf,ELEM,,,000,0000,,,999,,N_9727333690,
PAYM,CGI_XML_CT_V9,N_8932710580,N_4357792560,Prtry,ELEM,,,000,0000,,FI_CGI_DMEE_EXIT_W_BADI,999,,,
PAYM,CGI_XML_CT_V9,N_8951620990,N_3816618790,-PmtTpInf,TECH,,,000,0000,,FI_CGI_DMEE_EXIT_W_BADI,999,N_3043492130,,-PMTTPINF
PAYM,CGI_XML_CT_V9,N_8953239690,N_3263383210,Id,ELEM,,,000,0000,,,999,,N_1984035110,
PAYM,CGI_XML_CT_V9,N_8957263060,N_4360444640,Strd,ELEM,,,000,0000,,,999,N_2122158140,N_2760349120,
PAYM,CGI_XML_CT_V9,N_8973117910,N_7887534710,Tp,ELEM,,,000,0000,,FI_CGI_DMEE_EXIT_W_BADI,999,N_9807887380,,
PAYM,CGI_XML_CT_V9,N_9020685600,N_6210260290,-PstlAdr,TECH,,,000,0000,,FI_CGI_DMEE_EXIT_W_BADI,999,N_1160789980,,-DBTRPSTLADR
PAYM,CGI_XML_CT_V9,N_9036709680,N_1235564610,RmtdAmt,ELEM,FPAYHX,WAERS,000,0015,AL.=,FI_CGI_DMEE_EXIT_W_BADI,999,,N_9597718540,
PAYM,CGI_XML_CT_V9,N_9043331900,N_0812306550,Id,ELEM,,,000,0035,,FI_CGI_DMEE_EXIT_W_BADI,999,,,
PAYM,CGI_XML_CT_V9,N_9044983380,N_5029480180,CdOrPrtry,ELEM,,,000,0000,,,999,,N_6425987870,
PAYM,CGI_XML_CT_V9,N_9049844490,N_8824498030,TwnNm,ELEM,FPAYP,BORT1,000,0000,CL RP    X,,999,N_3583105820,,
PAYM,CGI_XML_CT_V9,N_9053867800,N_1235564610,TaxAmt,ELEM,FPAYHX,WAERS,000,0015,AL.=,FI_CGI_DMEE_EXIT_W_BADI,999,N_1304442540,N_4355972490,
PAYM,CGI_XML_CT_V9,N_9065133130,N_9424196450,Cd,ELEM,,,000,0000,,FI_CGI_DMEE_EXIT_W_BADI,999,,,
PAYM,CGI_XML_CT_V9,N_9099517400,N_3842760480,-Othr,TECH,,,000,0000,,FI_CGI_DMEE_EXIT_W_BADI,999,N_6620186670,,-DBTROTHR
PAYM,CGI_XML_CT_V9,N_9113525360,N_3842760480,Othr,ELEM,,,000,0000,,,999,N_2679579520,N_9369901330,
PAYM,CGI_XML_CT_V9,N_9136748270,N_5392001640,Prxy,ELEM,,,000,0000,,,999,,N_4677680200,
PAYM,CGI_XML_CT_V9,N_9162542210,N_7297798890,Nm,ELEM,,,000,0000,CL       X,FI_CGI_DMEE_EXIT_W_BADI,999,N_8252645770,,
PAYM,CGI_XML_CT_V9,N_9175963190,N_0978274660,BICFI,ELEM,,,000,0000,,FI_CGI_DMEE_EXIT_W_BADI,999,N_1498331320,,
PAYM,CGI_XML_CT_V9,N_9195885710,N_0978274660,ClrSysMmbId,ELEM,,,000,0000,,,999,N_3725687090,N_2303350700,
PAYM,CGI_XML_CT_V9,N_9200760290,N_5207120400,-Prxy,TECH,,,000,0000,,FI_CGI_DMEE_EXIT_W_BADI,999,N_4158666930,,-PRXYD
PAYM,CGI_XML_CT_V9,N_9204653810,N_1160789980,AdrLine,ELEM,,,000,0000,CL       X,,999,,,
PAYM,CGI_XML_CT_V9,N_9244532990,N_1160789980,BldgNb,ELEM,,,000,0010,CL       X,FI_CGI_DMEE_EXIT_W_BADI,999,N_6313994640,,
PAYM,CGI_XML_CT_V9,N_9261249090,N_7407754150,Tp,ELEM,,,000,0003,,,999,N_1324509990,,TAXTYPE
PAYM,CGI_XML_CT_V9,N_9264632840,N_1235564610,-TaxAmt,TECH,,,000,0000,,FI_CGI_DMEE_EXIT_W_BADI,999,N_9053867800,,-TAXAMT
PAYM,CGI_XML_CT_V9,N_9270087220,N_8311560080,AdrLine1,TECH,,,000,0000,CL       X,FI_CGI_DMEE_EXIT_W_BADI,999,N_6139351280,,CDADRLINE1
PAYM,CGI_XML_CT_V9,N_9284265970,N_8930323890,Ref,ELEM,,,000,0000,,,999,,,
PAYM,CGI_XML_CT_V9,N_9303344100,N_1841606350,AdrLine,ELEM,,,000,0000,,FI_CGI_DMEE_EXIT_W_BADI,999,,,
PAYM,CGI_XML_CT_V9,N_9369901330,N_9113525360,Id,ELEM,,,000,0000,,FI_CGI_DMEE_EXIT_W_BADI,999,N_3728484300,,
PAYM,CGI_XML_CT_V9,N_9394890100,N_7044805160,Cd,ELEM,,,000,0000,,FI_CGI_DMEE_EXIT_W_BADI,999,,,
PAYM,CGI_XML_CT_V9,N_9407228540,N_7368517580,-Othr1,TECH,,,000,0000,,FI_CGI_DMEE_EXIT_W_BADI,999,N_5887104050,,OTHR1
PAYM,CGI_XML_CT_V9,N_9409556410,N_1402050630,-EqvtAmt,TECH,,,000,0000,,FI_CGI_DMEE_EXIT_W_BADI,999,N_2555466520,,-EQVTAMT
PAYM,CGI_XML_CT_V9,N_9413293970,N_2851824500,Othr,ELEM,,,000,0000,,,999,,N_4096553850,
PAYM,CGI_XML_CT_V9,N_9424196450,N_4049428870,SchmeNm,ELEM,,,000,0000,,,999,,N_7844594670,
PAYM,CGI_XML_CT_V9,N_9432681780,N_1160789980,Ctry,ELEM,FPAYHX,LDISO,000,0000,CL       X,FI_CGI_DMEE_EXIT_W_BADI,999,N_8916026460,,
PAYM,CGI_XML_CT_V9,N_9441222840,N_5166812020,Dept,ELEM,,,000,0070,CL       X,FI_CGI_DMEE_EXIT_W_BADI,999,N_3738009360,,
PAYM,CGI_XML_CT_V9,N_9479949700,N_8275352230,Nm,ELEM,,,000,0000,,FI_CGI_DMEE_EXIT_W_BADI,999,N_0094145060,,
PAYM,CGI_XML_CT_V9,N_9548754410,N_2236809990,Amt,ELEM,FPAYH,RWBTR,000,0015,AL.=,FI_CGI_DMEE_EXIT_W_BADI,999,N_2428839270,N_0719787650,EA
PAYM,CGI_XML_CT_V9,N_9552755190,N_6294588020,Ctry2,TECH,,,000,0000,,FI_CGI_DMEE_EXIT_W_BADI,999,N_9976450760,,RGLRPTGCTRY2
PAYM,CGI_XML_CT_V9,N_9585690900,N_3738885180,-Id,TECH,,,000,0000,,FI_CGI_DMEE_EXIT_W_BADI,999,N_6582554760,,-CDID
PAYM,CGI_XML_CT_V9,N_9587944480,N_7910426120,Id,ELEM,,,000,0000,,FI_CGI_DMEE_EXIT_W_BADI,999,N_8251018140,,
PAYM,CGI_XML_CT_V9,N_9590996940,N_1591612430,BICFI,ELEM,,,000,0000,,FI_CGI_DMEE_EXIT_W_BADI,999,N_3684693280,,
PAYM,CGI_XML_CT_V9,N_9597718540,N_9036709680,Ccy,XMAT,FPAYHX,WAERS,000,0000,,,999,,,
PAYM,CGI_XML_CT_V9,N_9606565700,N_6931641140,SchmeNm,ELEM,,,000,0000,,,999,N_3754065010,N_1477731070,
PAYM,CGI_XML_CT_V9,N_9624355090,N_3709300380,Cd,ELEM,,,000,0000,,FI_CGI_DMEE_EXIT_W_BADI,999,N_8721337940,,
PAYM,CGI_XML_CT_V9,N_9647928080,N_2795997530,EmailAdr,ELEM,FPAYH,INTAD,000,0000,CL RP    X,,999,,,
PAYM,CGI_XML_CT_V9,N_9662041050,N_5443906990,Cd,ELEM,FPAYP,XREF3,000,0004,,FI_CGI_DMEE_EXIT_W_BADI,999,N_5023885600,,
PAYM,CGI_XML_CT_V9,N_9703321850,N_1139283400,-CdtrAgtAcct,TECH,,,000,0000,,FI_CGI_DMEE_EXIT_W_BADI,999,N_3263383210,,-CDTRAGTACCT
PAYM,CGI_XML_CT_V9,N_9705679590,N_1716940280,-,ATOM,,,000,0001,CL,,999,N_1941545910,,
PAYM,CGI_XML_CT_V9,N_9721922410,N_7469163780,CreDtTm,ELEM,,,000,0025,,FI_CGI_DMEE_EXIT_W_BADI,999,N_5099563850,,
PAYM,CGI_XML_CT_V9,N_9727333690,N_8930323890,Strd_Ref_CZ1,TECH,,,000,0000,,FI_CGI_DMEE_EXIT_W_BADI,999,N_9284265970,,STRD_REF_CZ1
PAYM,CGI_XML_CT_V9,N_9744817190,N_2329002840,Prtry,ELEM,,,000,0000,,FI_CGI_DMEE_EXIT_W_BADI,999,,,
PAYM,CGI_XML_CT_V9,N_9769136460,N_6690387510,DbtCdtRptgInd,ELEM,,,000,0000,,FI_CGI_DMEE_EXIT_W_BADI,999,N_2652175830,,
PAYM,CGI_XML_CT_V9,N_9772090110,N_4634017880,TwnNm,ELEM,FPAYP,ORT01,000,0000,CL RP    X,FI_CGI_DMEE_EXIT_W_BADI,999,N_1436085460,,
PAYM,CGI_XML_CT_V9,N_9807887380,N_7887534710,Dt,ELEM,,,000,0000,,FI_CGI_DMEE_EXIT_W_BADI,999,N_0627935360,,
PAYM,CGI_XML_CT_V9,N_9851358290,N_5163414480,-Invcee,TECH,,,000,0000,,FI_CGI_DMEE_EXIT_W_BADI,999,N_6263856470,,-INVCEE
PAYM,CGI_XML_CT_V9,N_9874109890,N_5649723900,CstmrCdtTrfInitn,ELEM,,,000,0000,,,999,,N_0294810570,
PAYM,CGI_XML_CT_V9,N_9903102900,N_4689323380,SchmeNm,ELEM,,,000,0000,,,999,,N_8727890210,
PAYM,CGI_XML_CT_V9,N_9930896580,N_8311560080,Ctry,ELEM,FPAYHX,ZLISO,000,0000,CL       X,FI_CGI_DMEE_EXIT_W_BADI,999,N_9270087220,,
PAYM,CGI_XML_CT_V9,N_9976450760,N_6294588020,Ctry,ELEM,,,000,0000,,FI_CGI_DMEE_EXIT_W_BADI,999,N_5111903750,,
PAYM,CGI_XML_CT_V9,N_9984997710,N_1139283400,-RgltryRptg2,TECH,,,000,0000,,FI_CGI_DMEE_EXIT_W_BADI,999,N_0330017550,,-RGLTRYRPTG2
PAYM,CGI_XML_CT_V9,N_9987779130,N_4634017880,Ctry,ELEM,FPAYP,LAND1,000,0000,CL RP    X,FI_CGI_DMEE_EXIT_W_BADI,999,N_7522397310,,
