FIELDNAME,INTTYPE,LENG,DECIMALS,DOMNAME,ROLLNAME,FIELDTEXT
ZNM1S,C,000035,000000,TEXT35,NAMES_FPM,Name with Asterisks
ZNM2S,C,000035,000000,TEXT35,NAMES_FPM,Name with Asterisks
ZPLOR,C,000046,000000,TEXT46,DZPLOR_FPM,Postal Code/City of the Payee's Display Field
ZPFST,C,000035,000000,TEXT35,PFSTR_FPM,P.O. Box or Street for Postal Code/City
ZLISO,C,000002,000000,INTCA,INTCA,Country ISO code
ZLNDX,C,000015,000000,TEXT15,DZLNDX,Name of the Payee's Country
ZREGX,C,000020,000000,TEXT20,DZREGX_FPM,Name of the Payee Region
ZBANK,C,000100,000000,TEXT100,EBANK_FPM,Payee Bank (Name and City)
ZBREGX,C,000020,000000,TEXT20,DZBREGX_FPM,Name of the Payee Bank Region
ZBISO,C,000002,000000,INTCA,INTCA,Country ISO code
ZBNKL_EXT,C,000015,000000,CHAR15,BANKL_EXT,External Format of Bank Number (Electr. Transmission)
ZBNKN_EXT,C,000035,000000,BANKN35,BANKN_EXT,External Format of Acct No. (Electr. Transmission)
ZBCOD_EXT,C,000002,000000,BCODE_EXT,BCODE_EXT,Ext. Representation of Clearing Cde (Electr. Transmission)
HWISO,C,000003,000000,ISOCD,ISOCD,ISO Currency Code
SPRAS,C,000001,000000,SPRAS,LANGU,Language Key
STCEG,C,000020,000000,STCEG,STCEG,VAT Registration Number
NAMEZ,C,000040,000000,TEXT40,AD_NAME1,Name 1
LAND1,C,000003,000000,LAND1,LAND1,Country Key
LDISO,C,000002,000000,INTCA,INTCA,Country ISO code
ORT1Z,C,000040,000000,TEXT40,AD_CITY1,City
ADRNR,C,000010,000000,ADRNR,ADRNR,Address
AUST1,C,000035,000000,TEXT35,AUSTX_042E,Issuer on the Form
AUST2,C,000035,000000,TEXT35,AUSTX_042E,Issuer on the Form
AUST3,C,000035,000000,TEXT35,AUSTX_042E,Issuer on the Form
AUSTO,C,000035,000000,TEXT35,AUSTX_042E,Issuer on the Form
TXTID,C,000004,000000,TDID,TDID,Text ID
TXTKO,C,000016,000000,TDFORMNEW,TXTKO_FPM,Text Element for Letter Header
TXTFU,C,000016,000000,TDFORMNEW,TXTFU_FPM,Text Module for Footer
TXTUN,C,000016,000000,TDFORMNEW,TXTUN_FPM,Text Module for Signature/Form of Greeting
TXTAB,C,000016,000000,TDFORMNEW,TXTAB_FPM,Text Module for Sender in Letter Window
SF_HEADER,C,000030,000000,TDSFNAME,FSF_HEADER,Smart Forms: Name of Header Text in Text Processing
SF_FOOTER,C,000030,000000,TDSFNAME,FSF_FOOTER,Smart Forms: Name of Footer in Text Processing
SF_SENDER,C,000030,000000,TDSFNAME,FSF_SENDER,Smart Forms: Name of Sender Text in Text Processing
SF_GREETG,C,000030,000000,TDSFNAME,FSF_GREETINGS,Smart Forms: Name of Greeting in Text Processing
URL_LOGO,C,000255,000000,SSFURL,FURL_LOGO,URL for PDF Logo
URL_GRAPH,C,000255,000000,SSFURL,FURL_GRAPHIC,URL for PDF Graphic
UBNKA,C,000060,000000,TEXT60,UBNKA,Our Bank Name
UBSTR,C,000035,000000,TEXT35,UBSTR,Our Bank Street
UBORT,C,000035,000000,TEXT35,UBORT,Our Bank City
UBNKS,C,000003,000000,LAND1,BANKS,Country/Region Key of Bank
UBISO,C,000002,000000,INTCA,INTCA,Country ISO code
UBNKY,C,000015,000000,BANKK,UBNKY,Bank Key of Our Bank
UBNKL,C,000015,000000,BANKL,UBNKL,Bank number of our bank
UBKNT,C,000035,000000,BANKN35,UBKNT35,Our Account Number at the Bank
UBKON,C,000002,000000,BKONT,UBKON,Bank control key at our bank
UIBAN,C,000034,000000,IBAN,UIBAN,IBAN at our House Bank
UBNKL_EXT,C,000015,000000,CHAR15,BANKL_EXT,External Format of Bank Number (Electr. Transmission)
UBKNT_EXT,C,000035,000000,BANKN35,BANKN_EXT,External Format of Acct No. (Electr. Transmission)
UBCOD_EXT,C,000002,000000,BCODE_EXT,BCODE_EXT,Ext. Representation of Clearing Cde (Electr. Transmission)
UBWAE,C,000003,000000,ISOCD,ISOCD,ISO Currency Code
USWIF,C,000011,000000,SWIFT,SWIFT,SWIFT/BIC for International Payments
UBREG,C,000003,000000,REGIO,REGIO,"Region (State, Province, County)"
UBREGX,C,000020,000000,TEXT20,UBREGX_FPM,Name of House Bank Region
UBANK,C,000100,000000,TEXT100,UBANK,House Bank (Name and City)
UBRCH,C,000040,000000,TEXT40,BRNCH,Bank Branch
UBTEL,C,000016,000000,TEXT16,TELF1,First telephone number
UBNAM,C,000030,000000,TEXT30,NAME1_A,Name of contact person
UBSPR,C,000001,000000,SPRAS,SPRAS,Language Key
XPGRO,C,000001,000000,XFELD,XPGRO,Post Office Bank Current Account
DTVTA,N,000002,000000,NUMC02,DTVTA_012D,Lead Days for Date of Execution
DTELZ,C,000015,000000,BANKL,DTELZ,Bank Number of the Bank Receiving the Data Medium
DTGLZ,C,000015,000000,BANKL,DTGLZ,Charge Account Bank Number
DTGBK,C,000035,000000,BANKN35,DTGBK,Account Number of the Charge Account
DTGIS,C,000003,000000,CHAR3,DTAT7A,ISO Currency Code for Charge Account
DTFIN,C,000020,000000,CHAR20,DTFIN_012D,Company Number of Ordering Party
DTBID,C,000005,000000,CHAR5,DTBID,DME Bank Identification
DTKID,C,000018,000000,CHAR18,DTKID,Customer ID at House Bank
BNKL1_EXT,C,000015,000000,CHAR15,BANKL_EXT,External Format of Bank Number (Electr. Transmission)
BNKN1_EXT,C,000035,000000,BANKN35,BANKN_EXT,External Format of Acct No. (Electr. Transmission)
BCOD1_EXT,C,000002,000000,BCODE_EXT,BCODE_EXT,Ext. Representation of Clearing Cde (Electr. Transmission)
BNKL2_EXT,C,000015,000000,CHAR15,BANKL_EXT,External Format of Bank Number (Electr. Transmission)
BNKN2_EXT,C,000035,000000,BANKN35,BANKN_EXT,External Format of Acct No. (Electr. Transmission)
BCOD2_EXT,C,000002,000000,BCODE_EXT,BCODE_EXT,Ext. Representation of Clearing Cde (Electr. Transmission)
BNKL3_EXT,C,000015,000000,CHAR15,BANKL_EXT,External Format of Bank Number (Electr. Transmission)
BNKN3_EXT,C,000035,000000,BANKN35,BANKN_EXT,External Format of Acct No. (Electr. Transmission)
BCOD3_EXT,C,000002,000000,BCODE_EXT,BCODE_EXT,Ext. Representation of Clearing Cde (Electr. Transmission)
DTKVS,N,000002,000000,NUMC02,DTAT21,Cost Allocation Key
DTZUS,C,000025,000000,TEXT25,DTAT20,Instruction Key Additional Information
DTKZA,N,000002,000000,NUMC02,DTAT22,Payment Type Indicator
DTURG,C,000001,000000,XFELD,DTURG,Urgent Payment
WAERS,C,000003,000000,ISOCD,ISOCD,ISO Currency Code
XKDFB,C,000001,000000,XFELD,XKDFB_042E,Do not Post any Exchange Rate Differences
OVBLN,N,000013,000000,NUMC13,OVBLN_FPM,Payment Document Number for OCRA Lines
XEINZ,C,000001,000000,XFELD,XEINZ,Indicator: Payment Method Used for Incoming Payments?
XSCHK,C,000001,000000,XFELD,XSCHK_042Z,Indicator: Is a Check Created Using This Payment Method?
XPGIR,C,000001,000000,XFELD,XPGIR,Indicator: Payment Method for Post Office Bank
XEURO,C,000001,000000,XFELD,XEURO,Indicator: EU Internal Transfer w/o Reporting Section
XEZER,C,000001,000000,XFELD,XEZER_042Z,Indicator: Must Collection Authorization Be Provided?
ZFORN,C,000016,000000,TDFORM,DZFORN,Name of the Form for the Payment Transfer Medium
WFORN,C,000016,000000,TDFORM,WFORN,Name of Next Form
AFORN,C,000016,000000,TDFORM,AFORN,Name of the Form for the Payment Advice
PDFFO,C,000030,000000,FPNAME,DZFORN_PDF,Name of the PDF-based Form for the Payment Medium
PDFWF,C,000030,000000,FPNAME,WFORN_PDF,Name of the Next PDF-based Form
PDFAF,C,000030,000000,FPNAME,AFORN_PDF,Name of the PDF-based Form for the Payment Advice Note
FORMI,C,000030,000000,FORMI_FPM,FORMI_FPM,Payment Medium Format
FORMZ,C,000006,000000,FORMZ_FPM,FORMZ_FPM,Supplement for Payment Medium Format
PREFTYP,C,000030,000000,PREFTYP_FPM,PREFTYP_FPM,Note to Payee Type
RENUM,C,000016,000000,TEXT16,RENUM_FPM,Reference Number
CHECK,C,000013,000000,CHCKN,CHECT,Check number
XFINAL,C,000001,000000,,,Indicator: Last Payment in a Physical File
CURNO,N,000012,000000,NUMC12,CURNO_FPM,Sequential Number
REF01,C,000132,000000,,REFER_FPM,User-Defined Field (See Format Documentation)
REF02,C,000132,000000,,REFER_FPM,User-Defined Field (See Format Documentation)
REF03,C,000132,000000,,REFER_FPM,User-Defined Field (See Format Documentation)
REF04,C,000132,000000,,REFER_FPM,User-Defined Field (See Format Documentation)
REF05,C,000132,000000,,REFER_FPM,User-Defined Field (See Format Documentation)
REF06,C,000132,000000,,REFER_FPM,User-Defined Field (See Format Documentation)
REF07,C,000132,000000,,REFER_FPM,User-Defined Field (See Format Documentation)
REF08,C,000132,000000,,REFER_FPM,User-Defined Field (See Format Documentation)
REF09,C,000132,000000,,REFER_FPM,User-Defined Field (See Format Documentation)
REF10,C,000132,000000,,REFER_FPM,User-Defined Field (See Format Documentation)
REF11,C,000132,000000,,REFER_FPM,User-Defined Field (See Format Documentation)
REF12,C,000132,000000,,REFER_FPM,User-Defined Field (See Format Documentation)
REF13,C,000132,000000,,REFER_FPM,User-Defined Field (See Format Documentation)
REF14,C,000132,000000,,REFER_FPM,User-Defined Field (See Format Documentation)
REF15,C,000132,000000,,REFER_FPM,User-Defined Field (See Format Documentation)
ZREF01,C,000132,000000,,REFERZ_FPM,User-Defined Text (Customer-Specific)
ZREF02,C,000132,000000,,REFERZ_FPM,User-Defined Text (Customer-Specific)
ZREF03,C,000132,000000,,REFERZ_FPM,User-Defined Text (Customer-Specific)
ZREF04,C,000132,000000,,REFERZ_FPM,User-Defined Text (Customer-Specific)
ZREF05,C,000132,000000,,REFERZ_FPM,User-Defined Text (Customer-Specific)
ZREF06,C,000132,000000,,REFERZ_FPM,User-Defined Text (Customer-Specific)
ZREF07,C,000132,000000,,REFERZ_FPM,User-Defined Text (Customer-Specific)
ZREF08,C,000132,000000,,REFERZ_FPM,User-Defined Text (Customer-Specific)
ZREF09,C,000132,000000,,REFERZ_FPM,User-Defined Text (Customer-Specific)
ZREF10,C,000132,000000,,REFERZ_FPM,User-Defined Text (Customer-Specific)
PMTMTD,C,000003,000000,CHAR3,/CITIPMW/V3PMTMTD,Payment Method
INSTRPRTY,C,000004,000000,CHAR4,/CITIPMW/V3INSTRPRTY,Instruction Priority
SVCLVL_CD,C,000004,000000,CHAR04,/CITIPMW/V3SVCLVL_CD,Service Level Code
CLRCHANL,C,000004,000000,CHAR4,/CITIPMW/V3CLRCHANL,Clearing Channel
IBAN_PREF,C,000001,000000,XFELD,/CITIPMW/V3IBAN_PREF,IBAN Preferred / CSF Real Settle Indicator
LCLINSTRM_CD,C,000035,000000,CHAR35,/CITIPMW/V3LCLINSTRM_CD,Local Instrument Code
LCLINSTRM_PRTY,C,000035,000000,CHAR35,/CITIPMW/V3LCLINSTRM_PRTY,Local Instrument Proprietary (PIUID)
CTGYPURP,C,000004,000000,CHAR4,/CITIPMW/V3CTGYPURP,Category Purpose
RMTID,C,000035,000000,CHAR35,/CITIPMW/V3RMTID,Remittance Identification / CSF Site ID
RMTLCTNMTD,C,000004,000000,CHAR4,/CITIPMW/V3RMTLCTNMTD,Remittance Location Method
CHQTP,C,000004,000000,CHAR4,/CITIPMW/V3CHQTP,Cheque Type
CHQ_PRTLCTN,C,000035,000000,CHAR35,/CITIPMW/V3CHQ_PRTLCTN,Cheque Print Location / SEPA Batch ('TRUE')
CHQ_DLVRYMTD_CD,C,000004,000000,CHAR4,/CITIPMW/V3CHQ_DLVRYMTD_CD,Cheque Delivery Method Code
UBKNT2,C,000024,000000,BNKN2,BNKN2,Alternative Bank Acct Number (for Ambiguous Acct Number)
RPOST_MAX,N,000007,000000,NUMC07,/CITIPMW/V3RPOST_MAX,Number of invoice details
CDTR_ORG_PRVT_ID,C,000001,000000,,,Output Creditor Org or Prvt ID
CDTR_ACCT_TP_CD,C,000004,000000,,,Creditor Account Type Code
CDTR_ACCT_TP_PRTY,C,000035,000000,,,Creditor Account Type Proprietary
CDTR_ACCT_ID,C,000034,000000,,,Creditor Account Number
CDTR_AGT_CLRSYSMMBID,C,000035,000000,,,Creditor Agent Clearing System Member ID
CDTR_AGT_BRNCID,C,000040,000000,TEXT40,BRNCH,Bank Branch
SVCLVL_PRTY,C,000035,000000,CHAR35,/CITIPMW/V3SVCLVL_PRTY,ServiceLevel Proprietary
CTGYPURP_PRTY,C,000035,000000,CHAR35,/CITIPMW/V3CTGYPURP_PRTY,CategoryPurpose Proprietary
DLVRYMTD_PRTY,C,000035,000000,CHAR35,/CITIPMW/V3DLVRYMTD_PRTY,Delivery Method  Proprietary / CSF Buyer ID
PURP_CD,C,000035,000000,CHAR35,/CITIPMW/V3PURP_CD,Purpose Code
PURP_PRTY,C,000035,000000,CHAR35,/CITIPMW/V3PURP_PRTY,Purpose Proprietary
BNKBRCHID,C,000005,000000,CHAR5,/CITIPMW/V3BNKBRCH_ID,Debtor Bank Branch ID
CHARGE_ID,C,000004,000000,CHAR4,/CITIPMW/V3CHARGE_ID,Charge Bearer Indiactor (SHAR / DEBT / CRED)
GLT_TAGS,C,000001,000000,CHECKBOX,/CITIPMW/V3GLT_TAGS,GLT* Tags
WHT_TAGS,C,000001,000000,CHECKBOX,/CITIPMW/V3WHT_TAGS,Withholding Tax tags (Thailand)
ARE_TAGS,C,000001,000000,CHECKBOX,/CITIPMW/V3ARE_TAGS,Argentina Equador : Legal tags
STRD,C,000001,000000,XFELD,/CITIPMW/V3STRD,Structured Remittance Info
NATION,C,000001,000000,AD_NATION,AD_NATION,Version ID for International Addresses
STCD1,C,000016,000000,STCD1,STCD1,Tax Number 1
STCD2,C,000011,000000,STCD2,STCD2,Tax Number 2
STCD3,C,000018,000000,CHAR18,STCD3,Tax Number 3
STCD4,C,000018,000000,CHAR18,STCD4,Tax Number 4
STCDT,C,000002,000000,J_1ATOID,J_1ATOID,Tax Number Type
ZSTCEG,C,000020,000000,STCEG,STCEG,VAT Registration Number
INSCODE1,C,000012,000000,CHAR12,WSCODE,Code Word for Instructions
INSTEXT1,C,000050,000000,TEXT50,WSTEXT,Text for Instruction
INSINFO1,C,000070,000000,CHAR70,CHAR70,"Character field, length 70"
INSCODE2,C,000012,000000,CHAR12,WSCODE,Code Word for Instructions
INSTEXT2,C,000050,000000,TEXT50,WSTEXT,Text for Instruction
INSINFO2,C,000070,000000,CHAR70,CHAR70,"Character field, length 70"
INSCODE3,C,000012,000000,CHAR12,WSCODE,Code Word for Instructions
INSTEXT3,C,000050,000000,TEXT50,WSTEXT,Text for Instruction
INSINFO3,C,000070,000000,CHAR70,CHAR70,"Character field, length 70"
INSCODE4,C,000012,000000,CHAR12,WSCODE,Code Word for Instructions
INSTEXT4,C,000050,000000,TEXT50,WSTEXT,Text for Instruction
INSINFO4,C,000070,000000,CHAR70,CHAR70,"Character field, length 70"
RMTLOCADDR,C,000140,000000,CHAR140,CHAR140,CHAR140
AGNT1SWIFT,C,000011,000000,SWIFT,SWIFT,SWIFT/BIC for International Payments
AGNT1BANKA,C,000060,000000,TEXT60,BANKA,Name of Financial Institution
AGNT1STRAS,C,000035,000000,TEXT35,STRAS_GP,Street and House Number
AGNT1ORT01,C,000035,000000,TEXT35,ORT01_GP,City
AGNT2SWIFT,C,000011,000000,SWIFT,SWIFT,SWIFT/BIC for International Payments
AGNT2BANKA,C,000060,000000,TEXT60,BANKA,Name of Financial Institution
AGNT2STRAS,C,000035,000000,TEXT35,STRAS_GP,Street and House Number
AGNT2ORT01,C,000035,000000,TEXT35,ORT01_GP,City
LALA,C,000001,000000,CHAR1,CHAR1,Single-Character Flag
LALB,C,000001,000000,CHAR1,CHAR1,Single-Character Flag
LALC,C,000001,000000,CHAR1,CHAR1,Single-Character Flag
LALD,C,000001,000000,CHAR1,CHAR1,Single-Character Flag
LALE,C,000001,000000,CHAR1,CHAR1,Single-Character Flag
LALF,C,000001,000000,CHAR1,CHAR1,Single-Character Flag
LALG,C,000001,000000,CHAR1,CHAR1,Single-Character Flag
LALH,C,000001,000000,CHAR1,CHAR1,Single-Character Flag
THAI,C,000001,000000,CHAR1,CHAR1,Single-Character Flag
LALA01,C,000120,000000,CHAR120,CHAR120,char120
LALA02,C,000120,000000,CHAR120,CHAR120,char120
LALA03,C,000120,000000,CHAR120,CHAR120,char120
LALA04,C,000120,000000,CHAR120,CHAR120,char120
LALA05,C,000120,000000,CHAR120,CHAR120,char120
LALA06,C,000120,000000,CHAR120,CHAR120,char120
LALA07,C,000120,000000,CHAR120,CHAR120,char120
LALA08,C,000120,000000,CHAR120,CHAR120,char120
LALA09,C,000120,000000,CHAR120,CHAR120,char120
LALA10,C,000120,000000,CHAR120,CHAR120,char120
LALA11,C,000120,000000,CHAR120,CHAR120,char120
LALA12,C,000120,000000,CHAR120,CHAR120,char120
LALA13,C,000120,000000,CHAR120,CHAR120,char120
LALA14,C,000120,000000,CHAR120,CHAR120,char120
LALA15,C,000120,000000,CHAR120,CHAR120,char120
LALA16,C,000120,000000,CHAR120,CHAR120,char120
LALA17,C,000120,000000,CHAR120,CHAR120,char120
LALA18,C,000120,000000,CHAR120,CHAR120,char120
LALA19,C,000120,000000,CHAR120,CHAR120,char120
LALA20,C,000120,000000,CHAR120,CHAR120,char120
LALA21,C,000120,000000,CHAR120,CHAR120,char120
LALA22,C,000120,000000,CHAR120,CHAR120,char120
LALA23,C,000120,000000,CHAR120,CHAR120,char120
LALA24,C,000120,000000,CHAR120,CHAR120,char120
LALA25,C,000120,000000,CHAR120,CHAR120,char120
LALA26,C,000120,000000,CHAR120,CHAR120,char120
LALB01,C,000120,000000,CHAR120,CHAR120,char120
LALB02,C,000120,000000,CHAR120,CHAR120,char120
LALB03,C,000120,000000,CHAR120,CHAR120,char120
LALB04,C,000120,000000,CHAR120,CHAR120,char120
LALB05,C,000120,000000,CHAR120,CHAR120,char120
LALB06,C,000120,000000,CHAR120,CHAR120,char120
LALB07,C,000120,000000,CHAR120,CHAR120,char120
LALB08,C,000120,000000,CHAR120,CHAR120,char120
LALB09,C,000120,000000,CHAR120,CHAR120,char120
LALB10,C,000120,000000,CHAR120,CHAR120,char120
LALB11,C,000120,000000,CHAR120,CHAR120,char120
LALB12,C,000120,000000,CHAR120,CHAR120,char120
LALB13,C,000120,000000,CHAR120,CHAR120,char120
LALB14,C,000120,000000,CHAR120,CHAR120,char120
LALB15,C,000120,000000,CHAR120,CHAR120,char120
LALB16,C,000120,000000,CHAR120,CHAR120,char120
LALB17,C,000120,000000,CHAR120,CHAR120,char120
LALB18,C,000120,000000,CHAR120,CHAR120,char120
LALB19,C,000120,000000,CHAR120,CHAR120,char120
LALB20,C,000120,000000,CHAR120,CHAR120,char120
LALB21,C,000120,000000,CHAR120,CHAR120,char120
LALB22,C,000120,000000,CHAR120,CHAR120,char120
LALB23,C,000120,000000,CHAR120,CHAR120,char120
LALB24,C,000120,000000,CHAR120,CHAR120,char120
LALB25,C,000120,000000,CHAR120,CHAR120,char120
LALB26,C,000120,000000,CHAR120,CHAR120,char120
LALC01,C,000120,000000,CHAR120,CHAR120,char120
LALC02,C,000120,000000,CHAR120,CHAR120,char120
LALC03,C,000120,000000,CHAR120,CHAR120,char120
LALC04,C,000120,000000,CHAR120,CHAR120,char120
LALC05,C,000120,000000,CHAR120,CHAR120,char120
LALC06,C,000120,000000,CHAR120,CHAR120,char120
LALC07,C,000120,000000,CHAR120,CHAR120,char120
LALC08,C,000120,000000,CHAR120,CHAR120,char120
LALC09,C,000120,000000,CHAR120,CHAR120,char120
LALC10,C,000120,000000,CHAR120,CHAR120,char120
LALC11,C,000120,000000,CHAR120,CHAR120,char120
LALC12,C,000120,000000,CHAR120,CHAR120,char120
LALC13,C,000120,000000,CHAR120,CHAR120,char120
LALC14,C,000120,000000,CHAR120,CHAR120,char120
LALC15,C,000120,000000,CHAR120,CHAR120,char120
LALC16,C,000120,000000,CHAR120,CHAR120,char120
LALC17,C,000120,000000,CHAR120,CHAR120,char120
LALC18,C,000120,000000,CHAR120,CHAR120,char120
LALC19,C,000120,000000,CHAR120,CHAR120,char120
LALC20,C,000120,000000,CHAR120,CHAR120,char120
LALC21,C,000120,000000,CHAR120,CHAR120,char120
LALC22,C,000120,000000,CHAR120,CHAR120,char120
LALC23,C,000120,000000,CHAR120,CHAR120,char120
LALC24,C,000120,000000,CHAR120,CHAR120,char120
LALC25,C,000120,000000,CHAR120,CHAR120,char120
LALC26,C,000120,000000,CHAR120,CHAR120,char120
LALD01,C,000120,000000,CHAR120,CHAR120,char120
LALD02,C,000120,000000,CHAR120,CHAR120,char120
LALD03,C,000120,000000,CHAR120,CHAR120,char120
LALD04,C,000120,000000,CHAR120,CHAR120,char120
LALD05,C,000120,000000,CHAR120,CHAR120,char120
LALD06,C,000120,000000,CHAR120,CHAR120,char120
LALD07,C,000120,000000,CHAR120,CHAR120,char120
LALD08,C,000120,000000,CHAR120,CHAR120,char120
LALD09,C,000120,000000,CHAR120,CHAR120,char120
LALD10,C,000120,000000,CHAR120,CHAR120,char120
LALD11,C,000120,000000,CHAR120,CHAR120,char120
LALD12,C,000120,000000,CHAR120,CHAR120,char120
LALD13,C,000120,000000,CHAR120,CHAR120,char120
LALD14,C,000120,000000,CHAR120,CHAR120,char120
LALD15,C,000120,000000,CHAR120,CHAR120,char120
LALD16,C,000120,000000,CHAR120,CHAR120,char120
LALD17,C,000120,000000,CHAR120,CHAR120,char120
LALD18,C,000120,000000,CHAR120,CHAR120,char120
LALD19,C,000120,000000,CHAR120,CHAR120,char120
LALD20,C,000120,000000,CHAR120,CHAR120,char120
LALD21,C,000120,000000,CHAR120,CHAR120,char120
LALD22,C,000120,000000,CHAR120,CHAR120,char120
LALD23,C,000120,000000,CHAR120,CHAR120,char120
LALD24,C,000120,000000,CHAR120,CHAR120,char120
LALD25,C,000120,000000,CHAR120,CHAR120,char120
LALD26,C,000120,000000,CHAR120,CHAR120,char120
LALE01,C,000120,000000,CHAR120,CHAR120,char120
LALE02,C,000120,000000,CHAR120,CHAR120,char120
LALE03,C,000120,000000,CHAR120,CHAR120,char120
LALE04,C,000120,000000,CHAR120,CHAR120,char120
LALE05,C,000120,000000,CHAR120,CHAR120,char120
LALE06,C,000120,000000,CHAR120,CHAR120,char120
LALE07,C,000120,000000,CHAR120,CHAR120,char120
LALE08,C,000120,000000,CHAR120,CHAR120,char120
LALE09,C,000120,000000,CHAR120,CHAR120,char120
LALE10,C,000120,000000,CHAR120,CHAR120,char120
LALE11,C,000120,000000,CHAR120,CHAR120,char120
LALE12,C,000120,000000,CHAR120,CHAR120,char120
LALE13,C,000120,000000,CHAR120,CHAR120,char120
LALE14,C,000120,000000,CHAR120,CHAR120,char120
LALE15,C,000120,000000,CHAR120,CHAR120,char120
LALE16,C,000120,000000,CHAR120,CHAR120,char120
LALE17,C,000120,000000,CHAR120,CHAR120,char120
LALE18,C,000120,000000,CHAR120,CHAR120,char120
LALE19,C,000120,000000,CHAR120,CHAR120,char120
LALE20,C,000120,000000,CHAR120,CHAR120,char120
LALE21,C,000120,000000,CHAR120,CHAR120,char120
LALE22,C,000120,000000,CHAR120,CHAR120,char120
LALE23,C,000120,000000,CHAR120,CHAR120,char120
LALE24,C,000120,000000,CHAR120,CHAR120,char120
LALE25,C,000120,000000,CHAR120,CHAR120,char120
LALE26,C,000120,000000,CHAR120,CHAR120,char120
LALF01,C,000120,000000,CHAR120,CHAR120,char120
LALF02,C,000120,000000,CHAR120,CHAR120,char120
LALF03,C,000120,000000,CHAR120,CHAR120,char120
LALF04,C,000120,000000,CHAR120,CHAR120,char120
LALF05,C,000120,000000,CHAR120,CHAR120,char120
LALF06,C,000120,000000,CHAR120,CHAR120,char120
LALF07,C,000120,000000,CHAR120,CHAR120,char120
LALF08,C,000120,000000,CHAR120,CHAR120,char120
LALF09,C,000120,000000,CHAR120,CHAR120,char120
LALF10,C,000120,000000,CHAR120,CHAR120,char120
LALF11,C,000120,000000,CHAR120,CHAR120,char120
LALF12,C,000120,000000,CHAR120,CHAR120,char120
LALF13,C,000120,000000,CHAR120,CHAR120,char120
LALF14,C,000120,000000,CHAR120,CHAR120,char120
LALF15,C,000120,000000,CHAR120,CHAR120,char120
LALF16,C,000120,000000,CHAR120,CHAR120,char120
LALF17,C,000120,000000,CHAR120,CHAR120,char120
LALF18,C,000120,000000,CHAR120,CHAR120,char120
LALF19,C,000120,000000,CHAR120,CHAR120,char120
LALF20,C,000120,000000,CHAR120,CHAR120,char120
LALF21,C,000120,000000,CHAR120,CHAR120,char120
LALF22,C,000120,000000,CHAR120,CHAR120,char120
LALF23,C,000120,000000,CHAR120,CHAR120,char120
LALF24,C,000120,000000,CHAR120,CHAR120,char120
LALF25,C,000120,000000,CHAR120,CHAR120,char120
LALF26,C,000120,000000,CHAR120,CHAR120,char120
LALG01,C,000120,000000,CHAR120,CHAR120,char120
LALG02,C,000120,000000,CHAR120,CHAR120,char120
LALG03,C,000120,000000,CHAR120,CHAR120,char120
LALG04,C,000120,000000,CHAR120,CHAR120,char120
LALG05,C,000120,000000,CHAR120,CHAR120,char120
LALG06,C,000120,000000,CHAR120,CHAR120,char120
LALG07,C,000120,000000,CHAR120,CHAR120,char120
LALG08,C,000120,000000,CHAR120,CHAR120,char120
LALG09,C,000120,000000,CHAR120,CHAR120,char120
LALG10,C,000120,000000,CHAR120,CHAR120,char120
LALG11,C,000120,000000,CHAR120,CHAR120,char120
LALG12,C,000120,000000,CHAR120,CHAR120,char120
LALG13,C,000120,000000,CHAR120,CHAR120,char120
LALG14,C,000120,000000,CHAR120,CHAR120,char120
LALG15,C,000120,000000,CHAR120,CHAR120,char120
LALG16,C,000120,000000,CHAR120,CHAR120,char120
LALG17,C,000120,000000,CHAR120,CHAR120,char120
LALG18,C,000120,000000,CHAR120,CHAR120,char120
LALG19,C,000120,000000,CHAR120,CHAR120,char120
LALG20,C,000120,000000,CHAR120,CHAR120,char120
LALG21,C,000120,000000,CHAR120,CHAR120,char120
LALG22,C,000120,000000,CHAR120,CHAR120,char120
LALG23,C,000120,000000,CHAR120,CHAR120,char120
LALG24,C,000120,000000,CHAR120,CHAR120,char120
LALG25,C,000120,000000,CHAR120,CHAR120,char120
LALG26,C,000120,000000,CHAR120,CHAR120,char120
LALH01,C,000120,000000,CHAR120,CHAR120,char120
LALH02,C,000120,000000,CHAR120,CHAR120,char120
LALH03,C,000120,000000,CHAR120,CHAR120,char120
LALH04,C,000120,000000,CHAR120,CHAR120,char120
LALH05,C,000120,000000,CHAR120,CHAR120,char120
LALH06,C,000120,000000,CHAR120,CHAR120,char120
LALH07,C,000120,000000,CHAR120,CHAR120,char120
LALH08,C,000120,000000,CHAR120,CHAR120,char120
LALH09,C,000120,000000,CHAR120,CHAR120,char120
LALH10,C,000120,000000,CHAR120,CHAR120,char120
LALH11,C,000120,000000,CHAR120,CHAR120,char120
LALH12,C,000120,000000,CHAR120,CHAR120,char120
LALH13,C,000120,000000,CHAR120,CHAR120,char120
LALH14,C,000120,000000,CHAR120,CHAR120,char120
LALH15,C,000120,000000,CHAR120,CHAR120,char120
LALH16,C,000120,000000,CHAR120,CHAR120,char120
LALH17,C,000120,000000,CHAR120,CHAR120,char120
LALH18,C,000120,000000,CHAR120,CHAR120,char120
LALH19,C,000120,000000,CHAR120,CHAR120,char120
LALH20,C,000120,000000,CHAR120,CHAR120,char120
LALH21,C,000120,000000,CHAR120,CHAR120,char120
LALH22,C,000120,000000,CHAR120,CHAR120,char120
LALH23,C,000120,000000,CHAR120,CHAR120,char120
LALH24,C,000120,000000,CHAR120,CHAR120,char120
LALH25,C,000120,000000,CHAR120,CHAR120,char120
LALH26,C,000120,000000,CHAR120,CHAR120,char120
J_3RF_KPP,C,000012,000000,,,Subdivision's KPP
J_3RF_101,C,000002,000000,,,Payer Status
J_3RF_104,C,000020,000000,,,Budgetary classification code
J_3RF_105,C,000012,000000,,,OKATO code
J_3RF_106,C,000002,000000,,,Payment reason
J_3RF_107,C,000010,000000,,,Tax period
J_3RF_108,C,000016,000000,,,Document number
J_3RF_109,C,000010,000000,,,Document Date
J_3RF_110,C,000002,000000,,,Payment Type
J_3RF_22,C,000025,000000,,,UIN
VAT_STAT,C,000002,000000,,,VAT Status
VAT_AMT,C,000016,000000,,,VAT Amount
VOCODE,C,000005,000000,,,VO Code
SAPRFN,C,000048,000000,,,Debtor Cyrillic Name
SAPR10,C,000019,000000,,,Debtor KPP
MNDID,C,000035,000000,,FPM_MNDID,Mandate ID (SEPA)
SIGN_DATE,D,000008,000000,DATUM,FPM_MND_SIGN_DATE,Date of Signature (Mandate)
B2B,C,000001,000000,BOOLEAN,FPM_B2B,B2B Mandate
REC_CRDID,C,000035,000000,,FPM_CRDID,Vendor ID (Unique Cross-Country)
SEQ_TYPE,C,000004,000000,FPM_SEQ_TYPE,FPM_SEQ_TYPE,Sequence Type for Automatic Debit
INST_CODE,C,000004,000000,CHAR4,FPM_INST_CODE,Local Instrument Code (Direct Debit Type)
AMEND_IND,C,000001,000000,BOOLEAN,FPM_AMEND_IND,Amendment Indicator for Mandate
ORIG_MNDID,C,000035,000000,,FPM_MNDID,Mandate ID (SEPA)
ORIG_REC_CRDID,C,000035,000000,,FPM_CRDID,Vendor ID (Unique Cross-Country)
ORIG_REC_NAME1,C,000040,000000,TEXT40,FPM_NAME,Name of the Payee
ORIG_REC_NAME2,C,000040,000000,TEXT40,FPM_NAME,Name of the Payee
ORIG_IBAN,C,000034,000000,IBAN,IBAN,IBAN (International Bank Account Number)
ORIG_BIC,C,000011,000000,SWIFT,SWIFT,SWIFT/BIC for International Payments
SND_DEBTOR_ID,C,000035,000000,ID035,FPM_SND_DEBTOR_ID,Identification Number of Sender (Ext. Reference)
